"e","att","se","spec","outcome","name","panel"
-4,-0.0384716011797165,0.0120420838623355,"main_all","run_shoe_d","Running shoe","balanced"
-3,-0.0154435280255849,0.0134733209178347,"main_all","run_shoe_d","Running shoe","balanced"
-2,-0.0371058158851899,0.0128303164793137,"main_all","run_shoe_d","Running shoe","balanced"
-1,0,NA,"main_all","run_shoe_d","Running shoe","balanced"
0,-0.0193753064555082,0.0153035281736966,"main_all","run_shoe_d","Running shoe","balanced"
1,-0.0225908023096683,0.0141561687160342,"main_all","run_shoe_d","Running shoe","balanced"
2,-0.02384223853399,0.0138206345126218,"main_all","run_shoe_d","Running shoe","balanced"
3,-0.0284820664066216,0.0138118120746414,"main_all","run_shoe_d","Running shoe","balanced"
4,-0.0230966825962545,0.0136615319554463,"main_all","run_shoe_d","Running shoe","balanced"
-4,-0.0309025014192502,0.0105356225477822,"main_all","run_shoe_d","Running shoe","unbalanced"
-3,-0.00980800601043052,0.0117981378397419,"main_all","run_shoe_d","Running shoe","unbalanced"
-2,-0.0308954291664163,0.0109996210533944,"main_all","run_shoe_d","Running shoe","unbalanced"
-1,0,NA,"main_all","run_shoe_d","Running shoe","unbalanced"
0,-0.0145396138681737,0.0131285669901052,"main_all","run_shoe_d","Running shoe","unbalanced"
1,-0.0155938684540303,0.012072209919609,"main_all","run_shoe_d","Running shoe","unbalanced"
2,-0.0108505311941294,0.0124888254475575,"main_all","run_shoe_d","Running shoe","unbalanced"
3,-0.0241955532610221,0.0117810428866611,"main_all","run_shoe_d","Running shoe","unbalanced"
4,-0.0180696507525676,0.0115173084448142,"main_all","run_shoe_d","Running shoe","unbalanced"
-4,-0.108691078211105,0.0221696648274815,"main_all","run_any_d","Running-related (keyword)","balanced"
-3,-0.073623420153246,0.0216290599411958,"main_all","run_any_d","Running-related (keyword)","balanced"
-2,-0.0936281038911616,0.0222776447832473,"main_all","run_any_d","Running-related (keyword)","balanced"
-1,0,NA,"main_all","run_any_d","Running-related (keyword)","balanced"
0,-0.00896588189662112,0.0241621527481707,"main_all","run_any_d","Running-related (keyword)","balanced"
1,-0.0127695893679149,0.0234681162572434,"main_all","run_any_d","Running-related (keyword)","balanced"
2,-0.0383956733971005,0.024811179910575,"main_all","run_any_d","Running-related (keyword)","balanced"
3,-0.0497409307465439,0.0237771462230639,"main_all","run_any_d","Running-related (keyword)","balanced"
4,-0.0395428232693954,0.0233662351733098,"main_all","run_any_d","Running-related (keyword)","balanced"
-4,-0.100638287533907,0.0197579985057704,"main_all","run_any_d","Running-related (keyword)","unbalanced"
-3,-0.074694374784503,0.0196198125690171,"main_all","run_any_d","Running-related (keyword)","unbalanced"
-2,-0.0871307308342099,0.0203312368327019,"main_all","run_any_d","Running-related (keyword)","unbalanced"
-1,0,NA,"main_all","run_any_d","Running-related (keyword)","unbalanced"
0,-0.00234386328966092,0.021619760927793,"main_all","run_any_d","Running-related (keyword)","unbalanced"
1,-0.00744418836296029,0.0212966050691793,"main_all","run_any_d","Running-related (keyword)","unbalanced"
2,-0.0266482809517789,0.0218348093770359,"main_all","run_any_d","Running-related (keyword)","unbalanced"
3,-0.0491665912776838,0.0213889176680705,"main_all","run_any_d","Running-related (keyword)","unbalanced"
4,-0.0413087161544436,0.0209135280035211,"main_all","run_any_d","Running-related (keyword)","unbalanced"
-4,-0.0117102595815373,0.0181924932721268,"main_all","fit_gear_d","Fitness gear","balanced"
-3,-0.0109143900529116,0.0194541369680236,"main_all","fit_gear_d","Fitness gear","balanced"
-2,-0.00202077676865994,0.0189434503797631,"main_all","fit_gear_d","Fitness gear","balanced"
-1,0,NA,"main_all","fit_gear_d","Fitness gear","balanced"
0,0.00548235182190087,0.0186957848476668,"main_all","fit_gear_d","Fitness gear","balanced"
1,-0.00068700921379068,0.0177641406935457,"main_all","fit_gear_d","Fitness gear","balanced"
2,-0.00366923296473292,0.01908555200347,"main_all","fit_gear_d","Fitness gear","balanced"
3,-0.0144765922879328,0.0192650915538343,"main_all","fit_gear_d","Fitness gear","balanced"
4,0.016509261359894,0.0211621077822935,"main_all","fit_gear_d","Fitness gear","balanced"
-4,-0.0235930612307094,0.0168672464935115,"main_all","fit_gear_d","Fitness gear","unbalanced"
-3,-0.0295100960672358,0.0176093162008523,"main_all","fit_gear_d","Fitness gear","unbalanced"
-2,-0.0160668811117163,0.0173602437234002,"main_all","fit_gear_d","Fitness gear","unbalanced"
-1,0,NA,"main_all","fit_gear_d","Fitness gear","unbalanced"
0,0.00380944332280839,0.0178292276262354,"main_all","fit_gear_d","Fitness gear","unbalanced"
1,-0.0104022315017748,0.0162754581287786,"main_all","fit_gear_d","Fitness gear","unbalanced"
2,-0.00928712869825702,0.0174655448677064,"main_all","fit_gear_d","Fitness gear","unbalanced"
3,-0.0189634917146745,0.0175944376797865,"main_all","fit_gear_d","Fitness gear","unbalanced"
4,0.00164993139765631,0.0189604145634042,"main_all","fit_gear_d","Fitness gear","unbalanced"
-4,-0.014154585306236,0.0227433687019394,"main_all","supp_d","Supplements","balanced"
-3,-0.0208161047400891,0.022656522988263,"main_all","supp_d","Supplements","balanced"
-2,-0.0084362170034323,0.0220104081565572,"main_all","supp_d","Supplements","balanced"
-1,0,NA,"main_all","supp_d","Supplements","balanced"
0,0.0141930065938248,0.0213096979076403,"main_all","supp_d","Supplements","balanced"
1,0.0287574189676749,0.0225961315763606,"main_all","supp_d","Supplements","balanced"
2,0.0369841484744919,0.0230148577747334,"main_all","supp_d","Supplements","balanced"
3,0.0192563834224951,0.0231786428650144,"main_all","supp_d","Supplements","balanced"
4,0.023199139363158,0.0240008493796934,"main_all","supp_d","Supplements","balanced"
-4,-0.0376088384033118,0.0206718532597062,"main_all","supp_d","Supplements","unbalanced"
-3,-0.0392098033568706,0.0205302710792938,"main_all","supp_d","Supplements","unbalanced"
-2,-0.0149020008865693,0.0200303395949837,"main_all","supp_d","Supplements","unbalanced"
-1,0,NA,"main_all","supp_d","Supplements","unbalanced"
0,0.0161312925107404,0.0198243284983799,"main_all","supp_d","Supplements","unbalanced"
1,0.0263812161457544,0.0202626019104981,"main_all","supp_d","Supplements","unbalanced"
2,0.0254781330589993,0.0208568322641957,"main_all","supp_d","Supplements","unbalanced"
3,0.00854989993335491,0.0212049248767469,"main_all","supp_d","Supplements","unbalanced"
4,0.01274684801218,0.021618632287804,"main_all","supp_d","Supplements","unbalanced"
-4,-0.0415041385215488,0.0187224337873642,"main_all","med_d","Medication","balanced"
-3,-0.0464842692271101,0.0189650674979957,"main_all","med_d","Medication","balanced"
-2,-0.00785623851935335,0.0194197590348139,"main_all","med_d","Medication","balanced"
-1,0,NA,"main_all","med_d","Medication","balanced"
0,0.0127942887670792,0.0193339585734152,"main_all","med_d","Medication","balanced"
1,-0.0104707156605168,0.019895983814714,"main_all","med_d","Medication","balanced"
2,-0.0316362711591519,0.0192466551808491,"main_all","med_d","Medication","balanced"
3,-0.00387963525390982,0.0212538450614025,"main_all","med_d","Medication","balanced"
4,-0.0234433889771155,0.0200095169625227,"main_all","med_d","Medication","balanced"
-4,-0.0441483489568419,0.0169852459397834,"main_all","med_d","Medication","unbalanced"
-3,-0.049104751945581,0.0166857091298513,"main_all","med_d","Medication","unbalanced"
-2,-0.00520879427743782,0.017820906871232,"main_all","med_d","Medication","unbalanced"
-1,0,NA,"main_all","med_d","Medication","unbalanced"
0,0.00719425898269552,0.0174960774737456,"main_all","med_d","Medication","unbalanced"
1,-0.0131940904991609,0.0179896217701931,"main_all","med_d","Medication","unbalanced"
2,-0.0234297068818186,0.0176817162480357,"main_all","med_d","Medication","unbalanced"
3,0.00570388421942814,0.0194439632766194,"main_all","med_d","Medication","unbalanced"
4,-0.0117141145143997,0.0183483505446866,"main_all","med_d","Medication","unbalanced"
-4,-0.0425424280790088,0.0217342078231483,"main_all","pet_d","PLACEBO: pet","balanced"
-3,-0.0520507819646817,0.0205822112378698,"main_all","pet_d","PLACEBO: pet","balanced"
-2,-0.0473569813309134,0.0201672933507071,"main_all","pet_d","PLACEBO: pet","balanced"
-1,0,NA,"main_all","pet_d","PLACEBO: pet","balanced"
0,-0.0125445503977518,0.0189039042242742,"main_all","pet_d","PLACEBO: pet","balanced"
1,-0.00159722781262121,0.0192290210459841,"main_all","pet_d","PLACEBO: pet","balanced"
2,-0.00964374318479541,0.0207661584793613,"main_all","pet_d","PLACEBO: pet","balanced"
3,-0.00366374420936309,0.0217439237092544,"main_all","pet_d","PLACEBO: pet","balanced"
4,-0.00492432835930124,0.0223304500141101,"main_all","pet_d","PLACEBO: pet","balanced"
-4,-0.0554837340187907,0.0195265340472659,"main_all","pet_d","PLACEBO: pet","unbalanced"
-3,-0.0664623979406221,0.0185038427295717,"main_all","pet_d","PLACEBO: pet","unbalanced"
-2,-0.0505648261460276,0.0182578566617511,"main_all","pet_d","PLACEBO: pet","unbalanced"
-1,0,NA,"main_all","pet_d","PLACEBO: pet","unbalanced"
0,-0.00419048883120829,0.017990922770366,"main_all","pet_d","PLACEBO: pet","unbalanced"
1,-0.00227053150443142,0.0173019982334097,"main_all","pet_d","PLACEBO: pet","unbalanced"
2,-0.0176118706010849,0.0191012596410472,"main_all","pet_d","PLACEBO: pet","unbalanced"
3,-0.0173063789335129,0.0196783784273445,"main_all","pet_d","PLACEBO: pet","unbalanced"
4,-0.0140729098900444,0.020006399549851,"main_all","pet_d","PLACEBO: pet","unbalanced"
-4,-0.0137895830741421,0.0261349890625474,"main_all","book_d","PLACEBO: books","balanced"
-3,-0.0193615845670836,0.0251423555776204,"main_all","book_d","PLACEBO: books","balanced"
-2,-0.0325894850083795,0.0262539270322194,"main_all","book_d","PLACEBO: books","balanced"
-1,0,NA,"main_all","book_d","PLACEBO: books","balanced"
0,0.0442128392965611,0.0263490250798913,"main_all","book_d","PLACEBO: books","balanced"
1,0.0148726974671224,0.0259743340750324,"main_all","book_d","PLACEBO: books","balanced"
2,0.0210018076301018,0.0266427248069848,"main_all","book_d","PLACEBO: books","balanced"
3,0.0279432535878164,0.0278757162297151,"main_all","book_d","PLACEBO: books","balanced"
4,0.0468575045922587,0.0280653948966508,"main_all","book_d","PLACEBO: books","balanced"
-4,-0.042647834648366,0.0236103770847662,"main_all","book_d","PLACEBO: books","unbalanced"
-3,-0.040639400274121,0.0231516222744812,"main_all","book_d","PLACEBO: books","unbalanced"
-2,-0.0404730964506468,0.0235633114379794,"main_all","book_d","PLACEBO: books","unbalanced"
-1,0,NA,"main_all","book_d","PLACEBO: books","unbalanced"
0,0.0398349901809552,0.0240954194652833,"main_all","book_d","PLACEBO: books","unbalanced"
1,0.00469275757539786,0.0236940785946319,"main_all","book_d","PLACEBO: books","unbalanced"
2,-0.00794015777266872,0.0241655554135456,"main_all","book_d","PLACEBO: books","unbalanced"
3,0.00628669897753365,0.0254627116841508,"main_all","book_d","PLACEBO: books","unbalanced"
4,0.0256864634151017,0.0252660075970317,"main_all","book_d","PLACEBO: books","unbalanced"
-4,0.019130142048989,0.0211045145040035,"main_all","giftcard_d","PLACEBO: gift cards","balanced"
-3,-0.00206560160418024,0.0202483071607544,"main_all","giftcard_d","PLACEBO: gift cards","balanced"
-2,0.0233766091201159,0.0203707214714073,"main_all","giftcard_d","PLACEBO: gift cards","balanced"
-1,0,NA,"main_all","giftcard_d","PLACEBO: gift cards","balanced"
0,0.0349029953967638,0.0211139065022618,"main_all","giftcard_d","PLACEBO: gift cards","balanced"
1,0.0236528764737308,0.0211081384588079,"main_all","giftcard_d","PLACEBO: gift cards","balanced"
2,0.0233528245135133,0.0216027764308505,"main_all","giftcard_d","PLACEBO: gift cards","balanced"
3,-0.0213201554415521,0.0180379976488648,"main_all","giftcard_d","PLACEBO: gift cards","balanced"
4,0.00692315010648185,0.0208319583507815,"main_all","giftcard_d","PLACEBO: gift cards","balanced"
-4,0.0147070942163718,0.0186843842902964,"main_all","giftcard_d","PLACEBO: gift cards","unbalanced"
-3,-0.000175612982902172,0.0181153826099139,"main_all","giftcard_d","PLACEBO: gift cards","unbalanced"
-2,0.0309371356058376,0.0186419193958084,"main_all","giftcard_d","PLACEBO: gift cards","unbalanced"
-1,0,NA,"main_all","giftcard_d","PLACEBO: gift cards","unbalanced"
0,0.0387564745796665,0.0185463355542083,"main_all","giftcard_d","PLACEBO: gift cards","unbalanced"
1,0.0272535624742094,0.0184888420485347,"main_all","giftcard_d","PLACEBO: gift cards","unbalanced"
2,0.0243163480247262,0.0189059684145152,"main_all","giftcard_d","PLACEBO: gift cards","unbalanced"
3,-0.0136474871664427,0.0156582368777741,"main_all","giftcard_d","PLACEBO: gift cards","unbalanced"
4,0.0129063151799783,0.0183553239095589,"main_all","giftcard_d","PLACEBO: gift cards","unbalanced"
-4,-0.0128720461348185,0.0282092276155453,"main_all","cable_d","PLACEBO: cables/batteries","balanced"
-3,-0.0184074559252944,0.0278196629217036,"main_all","cable_d","PLACEBO: cables/batteries","balanced"
-2,0.0166043997863045,0.0289947240492347,"main_all","cable_d","PLACEBO: cables/batteries","balanced"
-1,0,NA,"main_all","cable_d","PLACEBO: cables/batteries","balanced"
0,0.0425076659616665,0.0297574623777791,"main_all","cable_d","PLACEBO: cables/batteries","balanced"
1,-0.0173801438785741,0.0292784526212438,"main_all","cable_d","PLACEBO: cables/batteries","balanced"
2,0.0151727494273399,0.0291939028556667,"main_all","cable_d","PLACEBO: cables/batteries","balanced"
3,0.0048548041246167,0.028162992060008,"main_all","cable_d","PLACEBO: cables/batteries","balanced"
4,0.0161945727186903,0.0291981159556637,"main_all","cable_d","PLACEBO: cables/batteries","balanced"
-4,-0.0263485540584704,0.0255490067224699,"main_all","cable_d","PLACEBO: cables/batteries","unbalanced"
-3,-0.0371979739187755,0.0254955038024561,"main_all","cable_d","PLACEBO: cables/batteries","unbalanced"
-2,0.00367263952400848,0.0263363416804553,"main_all","cable_d","PLACEBO: cables/batteries","unbalanced"
-1,0,NA,"main_all","cable_d","PLACEBO: cables/batteries","unbalanced"
0,0.043399170819709,0.0266868039385778,"main_all","cable_d","PLACEBO: cables/batteries","unbalanced"
1,-0.0177572207320084,0.0261104853517641,"main_all","cable_d","PLACEBO: cables/batteries","unbalanced"
2,0.0305452392918492,0.0267738766173814,"main_all","cable_d","PLACEBO: cables/batteries","unbalanced"
3,0.00270112597444621,0.0257698604643725,"main_all","cable_d","PLACEBO: cables/batteries","unbalanced"
4,0.0237534784010176,0.0270904730888986,"main_all","cable_d","PLACEBO: cables/batteries","unbalanced"
-4,0.00395830741421076,0.0201073693156629,"main_all","cleaning_d","PLACEBO: cleaning","balanced"
-3,-0.00687924006352319,0.0183234901123921,"main_all","cleaning_d","PLACEBO: cleaning","balanced"
-2,0.0114714987229496,0.0179515655707913,"main_all","cleaning_d","PLACEBO: cleaning","balanced"
-1,0,NA,"main_all","cleaning_d","PLACEBO: cleaning","balanced"
0,0.0138856362931142,0.0200902461631551,"main_all","cleaning_d","PLACEBO: cleaning","balanced"
1,0.0209707046830061,0.0209787075369231,"main_all","cleaning_d","PLACEBO: cleaning","balanced"
2,0.0252272344723111,0.0211842643213947,"main_all","cleaning_d","PLACEBO: cleaning","balanced"
3,0.0238943817100034,0.0211579474703578,"main_all","cleaning_d","PLACEBO: cleaning","balanced"
4,-0.00341400584003571,0.0208173444811106,"main_all","cleaning_d","PLACEBO: cleaning","balanced"
-4,-0.00587957367800871,0.0176808460731102,"main_all","cleaning_d","PLACEBO: cleaning","unbalanced"
-3,-0.00932134690999137,0.0161982900453394,"main_all","cleaning_d","PLACEBO: cleaning","unbalanced"
-2,0.0109690612641393,0.0160999720525061,"main_all","cleaning_d","PLACEBO: cleaning","unbalanced"
-1,0,NA,"main_all","cleaning_d","PLACEBO: cleaning","unbalanced"
0,0.0140760436234069,0.0177651738209029,"main_all","cleaning_d","PLACEBO: cleaning","unbalanced"
1,0.0202315204033041,0.0183051345204733,"main_all","cleaning_d","PLACEBO: cleaning","unbalanced"
2,0.028142817653626,0.0186178789726951,"main_all","cleaning_d","PLACEBO: cleaning","unbalanced"
3,0.0256004068155174,0.0187054498873008,"main_all","cleaning_d","PLACEBO: cleaning","unbalanced"
4,0.009613547543474,0.0185900326573194,"main_all","cleaning_d","PLACEBO: cleaning","unbalanced"
-4,0.000740067182365723,0.0213731349114863,"main_all","grocery_d","PLACEBO: grocery/food","balanced"
-3,0.006591080406607,0.0194266238926636,"main_all","grocery_d","PLACEBO: grocery/food","balanced"
-2,-0.000120752618136311,0.0175542408710803,"main_all","grocery_d","PLACEBO: grocery/food","balanced"
-1,0,NA,"main_all","grocery_d","PLACEBO: grocery/food","balanced"
0,0.024541140051082,0.0200915996242385,"main_all","grocery_d","PLACEBO: grocery/food","balanced"
1,0.0128272212992982,0.0206962938331633,"main_all","grocery_d","PLACEBO: grocery/food","balanced"
2,0.0270348645741092,0.0223351046535606,"main_all","grocery_d","PLACEBO: grocery/food","balanced"
3,0.0128921715711745,0.0210993311767231,"main_all","grocery_d","PLACEBO: grocery/food","balanced"
4,0.0190395775853867,0.0218069641696536,"main_all","grocery_d","PLACEBO: grocery/food","balanced"
-4,-0.00274869753230717,0.019119353556431,"main_all","grocery_d","PLACEBO: grocery/food","unbalanced"
-3,-0.00227131248376685,0.0175170146175931,"main_all","grocery_d","PLACEBO: grocery/food","unbalanced"
-2,0.00689138047422796,0.0163212470410535,"main_all","grocery_d","PLACEBO: grocery/food","unbalanced"
-1,0,NA,"main_all","grocery_d","PLACEBO: grocery/food","unbalanced"
0,0.0201915134309428,0.0180679620142587,"main_all","grocery_d","PLACEBO: grocery/food","unbalanced"
1,0.0095542615698738,0.0182609403021319,"main_all","grocery_d","PLACEBO: grocery/food","unbalanced"
2,0.0231783863967747,0.0203113424474719,"main_all","grocery_d","PLACEBO: grocery/food","unbalanced"
3,0.012669805871675,0.019426057509106,"main_all","grocery_d","PLACEBO: grocery/food","unbalanced"
4,0.0258276794197765,0.0198293467736723,"main_all","grocery_d","PLACEBO: grocery/food","unbalanced"
-4,-0.0847282383147847,0.0435605569777316,"main_all","ln_n","General: ln(1+#purchases)","balanced"
-3,-0.0782447861570335,0.0393805664579928,"main_all","ln_n","General: ln(1+#purchases)","balanced"
-2,-0.079352844766702,0.0369060927257979,"main_all","ln_n","General: ln(1+#purchases)","balanced"
-1,0,NA,"main_all","ln_n","General: ln(1+#purchases)","balanced"
0,0.210505276217459,0.0333346949723026,"main_all","ln_n","General: ln(1+#purchases)","balanced"
1,0.0258166647270104,0.0365479070970229,"main_all","ln_n","General: ln(1+#purchases)","balanced"
2,0.00744903052510037,0.0397765423242517,"main_all","ln_n","General: ln(1+#purchases)","balanced"
3,-0.0276988241819993,0.0416028531133754,"main_all","ln_n","General: ln(1+#purchases)","balanced"
4,9.21223872091399e-05,0.0427044330093951,"main_all","ln_n","General: ln(1+#purchases)","balanced"
-4,-0.221546426444709,0.0436266066864402,"main_all","ln_n","General: ln(1+#purchases)","unbalanced"
-3,-0.187079136617015,0.0397077739680931,"main_all","ln_n","General: ln(1+#purchases)","unbalanced"
-2,-0.140374785387627,0.0384600213098168,"main_all","ln_n","General: ln(1+#purchases)","unbalanced"
-1,0,NA,"main_all","ln_n","General: ln(1+#purchases)","unbalanced"
0,0.205905626989906,0.0315444576635757,"main_all","ln_n","General: ln(1+#purchases)","unbalanced"
1,0.0197172428727647,0.0336492012465466,"main_all","ln_n","General: ln(1+#purchases)","unbalanced"
2,-0.00552728041970798,0.0383377455092527,"main_all","ln_n","General: ln(1+#purchases)","unbalanced"
3,-0.0391848726595967,0.0394851967663956,"main_all","ln_n","General: ln(1+#purchases)","unbalanced"
4,-0.0424041658487896,0.0415757062055995,"main_all","ln_n","General: ln(1+#purchases)","unbalanced"
-4,-0.139649321376774,0.0724255674044432,"main_all","ln_spend","General: ln(1+spend)","balanced"
-3,-0.117564555453792,0.070553214328299,"main_all","ln_spend","General: ln(1+spend)","balanced"
-2,-0.0870020508609103,0.0651984886469448,"main_all","ln_spend","General: ln(1+spend)","balanced"
-1,0,NA,"main_all","ln_spend","General: ln(1+spend)","balanced"
0,0.491839993294253,0.0540742453662442,"main_all","ln_spend","General: ln(1+spend)","balanced"
1,0.0290890942152793,0.0613241121914397,"main_all","ln_spend","General: ln(1+spend)","balanced"
2,-0.0192402219451894,0.0641069448145317,"main_all","ln_spend","General: ln(1+spend)","balanced"
3,-0.0867750264163154,0.0642258700150237,"main_all","ln_spend","General: ln(1+spend)","balanced"
4,-0.0285246092754234,0.0650645084031936,"main_all","ln_spend","General: ln(1+spend)","balanced"
-4,-0.351652105594984,0.0741002191007996,"main_all","ln_spend","General: ln(1+spend)","unbalanced"
-3,-0.283236783194611,0.0715918580274402,"main_all","ln_spend","General: ln(1+spend)","unbalanced"
-2,-0.195251708489936,0.0690460682553663,"main_all","ln_spend","General: ln(1+spend)","unbalanced"
-1,0,NA,"main_all","ln_spend","General: ln(1+spend)","unbalanced"
0,0.504256125709128,0.0519372950507283,"main_all","ln_spend","General: ln(1+spend)","unbalanced"
1,0.0418336840939956,0.0569017173371928,"main_all","ln_spend","General: ln(1+spend)","unbalanced"
2,-0.0202697862332884,0.0616499091501703,"main_all","ln_spend","General: ln(1+spend)","unbalanced"
3,-0.106054750358005,0.0620279456182743,"main_all","ln_spend","General: ln(1+spend)","unbalanced"
4,-0.102721643872051,0.0633307059217139,"main_all","ln_spend","General: ln(1+spend)","unbalanced"
-4,-0.0359496739597541,0.0135483990861291,"main_clean","run_shoe_d","Running shoe","balanced"
-3,-0.0201579753741522,0.0147490632097783,"main_clean","run_shoe_d","Running shoe","balanced"
-2,-0.030642177836737,0.014428607006263,"main_clean","run_shoe_d","Running shoe","balanced"
-1,0,NA,"main_clean","run_shoe_d","Running shoe","balanced"
0,-0.0136324993927617,0.0169951576296333,"main_clean","run_shoe_d","Running shoe","balanced"
1,-0.0202151959044113,0.0160337535173388,"main_clean","run_shoe_d","Running shoe","balanced"
2,-0.0243374096149175,0.0162809084188312,"main_clean","run_shoe_d","Running shoe","balanced"
3,-0.0217613179873321,0.0160384527784899,"main_clean","run_shoe_d","Running shoe","balanced"
4,-0.0228426692326377,0.0155477840871529,"main_clean","run_shoe_d","Running shoe","balanced"
-4,-0.0259760979121502,0.0117617576528076,"main_clean","run_shoe_d","Running shoe","unbalanced"
-3,-0.0128729266078166,0.0126911956429678,"main_clean","run_shoe_d","Running shoe","unbalanced"
-2,-0.0255057237871203,0.0119924845210389,"main_clean","run_shoe_d","Running shoe","unbalanced"
-1,0,NA,"main_clean","run_shoe_d","Running shoe","unbalanced"
0,-0.00929898545768608,0.0143050744619512,"main_clean","run_shoe_d","Running shoe","unbalanced"
1,-0.0126985932993635,0.0137252780146648,"main_clean","run_shoe_d","Running shoe","unbalanced"
2,-0.00411321627954583,0.0148687793740034,"main_clean","run_shoe_d","Running shoe","unbalanced"
3,-0.0162912564973643,0.0135242057392348,"main_clean","run_shoe_d","Running shoe","unbalanced"
4,-0.0174442279206702,0.013120589754803,"main_clean","run_shoe_d","Running shoe","unbalanced"
-4,-0.114747015190299,0.0252279155087609,"main_clean","run_any_d","Running-related (keyword)","balanced"
-3,-0.0690675155546421,0.0241139517751753,"main_clean","run_any_d","Running-related (keyword)","balanced"
-2,-0.0813687617944358,0.0255069649157214,"main_clean","run_any_d","Running-related (keyword)","balanced"
-1,0,NA,"main_clean","run_any_d","Running-related (keyword)","balanced"
0,-0.0106944003288429,0.0276337354043611,"main_clean","run_any_d","Running-related (keyword)","balanced"
1,-0.0284479456661871,0.0261681342372831,"main_clean","run_any_d","Running-related (keyword)","balanced"
2,-0.048267268922479,0.0281750157165052,"main_clean","run_any_d","Running-related (keyword)","balanced"
3,-0.0559266456157396,0.0272535465673363,"main_clean","run_any_d","Running-related (keyword)","balanced"
4,-0.0417441284729359,0.0250924904033957,"main_clean","run_any_d","Running-related (keyword)","balanced"
-4,-0.0986142953438837,0.0221753961370547,"main_clean","run_any_d","Running-related (keyword)","unbalanced"
-3,-0.062763037339547,0.0215881523381924,"main_clean","run_any_d","Running-related (keyword)","unbalanced"
-2,-0.0724370881383311,0.0229193042659847,"main_clean","run_any_d","Running-related (keyword)","unbalanced"
-1,0,NA,"main_clean","run_any_d","Running-related (keyword)","unbalanced"
0,0.0024929232875198,0.0246401003449181,"main_clean","run_any_d","Running-related (keyword)","unbalanced"
1,-0.0127094761579636,0.0237428561576022,"main_clean","run_any_d","Running-related (keyword)","unbalanced"
2,-0.0240392715384565,0.0248787223278412,"main_clean","run_any_d","Running-related (keyword)","unbalanced"
3,-0.0446000655080714,0.0241533049187881,"main_clean","run_any_d","Running-related (keyword)","unbalanced"
4,-0.0381191405518595,0.0226996627334186,"main_clean","run_any_d","Running-related (keyword)","unbalanced"
-4,-0.00230516993329721,0.0205581933753621,"main_clean","fit_gear_d","Fitness gear","balanced"
-3,-0.00128921357971637,0.022378584947355,"main_clean","fit_gear_d","Fitness gear","balanced"
-2,0.0192155882737617,0.0221282164819017,"main_clean","fit_gear_d","Fitness gear","balanced"
-1,0,NA,"main_clean","fit_gear_d","Fitness gear","balanced"
0,0.0190112292371219,0.0206854854213024,"main_clean","fit_gear_d","Fitness gear","balanced"
1,0.00602800769791297,0.0189387489559753,"main_clean","fit_gear_d","Fitness gear","balanced"
2,0.00528647633639132,0.0218233868367375,"main_clean","fit_gear_d","Fitness gear","balanced"
3,-0.0106325087348891,0.0211524926162772,"main_clean","fit_gear_d","Fitness gear","balanced"
4,0.0293646419162572,0.023561053377546,"main_clean","fit_gear_d","Fitness gear","balanced"
-4,-0.016778893294382,0.0191262071287569,"main_clean","fit_gear_d","Fitness gear","unbalanced"
-3,-0.0244823069760924,0.0201895672994924,"main_clean","fit_gear_d","Fitness gear","unbalanced"
-2,0.0024341412886357,0.0203556878709078,"main_clean","fit_gear_d","Fitness gear","unbalanced"
-1,0,NA,"main_clean","fit_gear_d","Fitness gear","unbalanced"
0,0.0124364444922942,0.0200736111555841,"main_clean","fit_gear_d","Fitness gear","unbalanced"
1,-0.00762063444852719,0.0176643273678442,"main_clean","fit_gear_d","Fitness gear","unbalanced"
2,-0.00359023887784096,0.0200970867270896,"main_clean","fit_gear_d","Fitness gear","unbalanced"
3,-0.00844676204810131,0.0198634727344624,"main_clean","fit_gear_d","Fitness gear","unbalanced"
4,0.00906623372015375,0.021048470970608,"main_clean","fit_gear_d","Fitness gear","unbalanced"
-4,-0.014857485846677,0.0272015315159152,"main_clean","supp_d","Supplements","balanced"
-3,-0.0297605145643766,0.0254719068788327,"main_clean","supp_d","Supplements","balanced"
-2,-0.0182451747912034,0.0235698364406311,"main_clean","supp_d","Supplements","balanced"
-1,0,NA,"main_clean","supp_d","Supplements","balanced"
0,0.0142035369294296,0.0242012444227021,"main_clean","supp_d","Supplements","balanced"
1,0.0292782272379066,0.0254287272664964,"main_clean","supp_d","Supplements","balanced"
2,0.0504381457745558,0.0258373440807012,"main_clean","supp_d","Supplements","balanced"
3,0.00995520449916855,0.0263552434101121,"main_clean","supp_d","Supplements","balanced"
4,0.00810429551017358,0.0268221411236371,"main_clean","supp_d","Supplements","balanced"
-4,-0.0349540239155946,0.0243599444163644,"main_clean","supp_d","Supplements","unbalanced"
-3,-0.0428856851611406,0.0231219607192799,"main_clean","supp_d","Supplements","unbalanced"
-2,-0.0201940038973055,0.0211362059744131,"main_clean","supp_d","Supplements","unbalanced"
-1,0,NA,"main_clean","supp_d","Supplements","unbalanced"
0,0.0239820288719877,0.022183000158265,"main_clean","supp_d","Supplements","unbalanced"
1,0.0295261416980128,0.0225774875669953,"main_clean","supp_d","Supplements","unbalanced"
2,0.0437187250164466,0.0229259922536564,"main_clean","supp_d","Supplements","unbalanced"
3,0.00747606330850733,0.0238743683254568,"main_clean","supp_d","Supplements","unbalanced"
4,0.00512625774148787,0.0240339242456818,"main_clean","supp_d","Supplements","unbalanced"
-4,-0.0390582668485268,0.021391844879651,"main_clean","med_d","Medication","balanced"
-3,-0.0373019468993479,0.0217920521349933,"main_clean","med_d","Medication","balanced"
-2,-0.00634564002914744,0.0217737297054522,"main_clean","med_d","Medication","balanced"
-1,0,NA,"main_clean","med_d","Medication","balanced"
0,0.00148072719119598,0.021335235569927,"main_clean","med_d","Medication","balanced"
1,-0.00349162011173185,0.0227567206237779,"main_clean","med_d","Medication","balanced"
2,-0.047751116384223,0.0219991938689675,"main_clean","med_d","Medication","balanced"
3,-0.00199921526129932,0.0237314047720417,"main_clean","med_d","Medication","balanced"
4,-0.0282062181199903,0.0224601240129214,"main_clean","med_d","Medication","balanced"
-4,-0.0441336127662229,0.0194544670312671,"main_clean","med_d","Medication","unbalanced"
-3,-0.0464132518346903,0.0191990174418071,"main_clean","med_d","Medication","unbalanced"
-2,-0.00813349587758697,0.0199174192404345,"main_clean","med_d","Medication","unbalanced"
-1,0,NA,"main_clean","med_d","Medication","unbalanced"
0,-0.00816606789264747,0.0191821577560199,"main_clean","med_d","Medication","unbalanced"
1,-0.0136744077431073,0.0204015089902239,"main_clean","med_d","Medication","unbalanced"
2,-0.0411937020262105,0.0200771584256959,"main_clean","med_d","Medication","unbalanced"
3,0.00217822718421983,0.0216395475822151,"main_clean","med_d","Medication","unbalanced"
4,-0.0184328272341852,0.0208267642236647,"main_clean","med_d","Medication","unbalanced"
-4,-0.0537616075932811,0.0244362112393666,"main_clean","pet_d","PLACEBO: pet","balanced"
-3,-0.0619102782085537,0.0242255089270842,"main_clean","pet_d","PLACEBO: pet","balanced"
-2,-0.0368640346779769,0.0227540312266249,"main_clean","pet_d","PLACEBO: pet","balanced"
-1,0,NA,"main_clean","pet_d","PLACEBO: pet","balanced"
0,-0.00844411539395751,0.0224477981925355,"main_clean","pet_d","PLACEBO: pet","balanced"
1,-0.0150501672240803,0.0218609694627552,"main_clean","pet_d","PLACEBO: pet","balanced"
2,-0.0179427234169765,0.0236664168378605,"main_clean","pet_d","PLACEBO: pet","balanced"
3,-0.0109466377683526,0.0251530230866111,"main_clean","pet_d","PLACEBO: pet","balanced"
4,-0.00907938005642645,0.0254548970360683,"main_clean","pet_d","PLACEBO: pet","balanced"
-4,-0.0668572682907883,0.0222213114646652,"main_clean","pet_d","PLACEBO: pet","unbalanced"
-3,-0.0756478630465586,0.0217698089789745,"main_clean","pet_d","PLACEBO: pet","unbalanced"
-2,-0.0422914706307996,0.0211443554520245,"main_clean","pet_d","PLACEBO: pet","unbalanced"
-1,0,NA,"main_clean","pet_d","PLACEBO: pet","unbalanced"
0,-0.00143501592354906,0.0213344285589041,"main_clean","pet_d","PLACEBO: pet","unbalanced"
1,-0.0139556022201957,0.019716868586037,"main_clean","pet_d","PLACEBO: pet","unbalanced"
2,-0.0227676593991379,0.0219765437307355,"main_clean","pet_d","PLACEBO: pet","unbalanced"
3,-0.0181402234057543,0.0228806402146731,"main_clean","pet_d","PLACEBO: pet","unbalanced"
4,-0.0197601821865315,0.0229643406656554,"main_clean","pet_d","PLACEBO: pet","unbalanced"
-4,-0.0286476336391323,0.029698078357546,"main_clean","book_d","PLACEBO: books","balanced"
-3,-0.0133031894022907,0.0283604315895199,"main_clean","book_d","PLACEBO: books","balanced"
-2,-0.0414171540143121,0.0301175115749747,"main_clean","book_d","PLACEBO: books","balanced"
-1,0,NA,"main_clean","book_d","PLACEBO: books","balanced"
0,0.0308570467666897,0.0290051907439768,"main_clean","book_d","PLACEBO: books","balanced"
1,-0.00849783262644569,0.0292399725255744,"main_clean","book_d","PLACEBO: books","balanced"
2,0.00230750546514452,0.0297839353567713,"main_clean","book_d","PLACEBO: books","balanced"
3,0.0260259991405243,0.0313476086401197,"main_clean","book_d","PLACEBO: books","balanced"
4,0.0253977410735973,0.0318103678970043,"main_clean","book_d","PLACEBO: books","balanced"
-4,-0.0521251906186184,0.0265179932432132,"main_clean","book_d","PLACEBO: books","unbalanced"
-3,-0.0344774323269214,0.0255898958459163,"main_clean","book_d","PLACEBO: books","unbalanced"
-2,-0.0415528002103741,0.0270267249992178,"main_clean","book_d","PLACEBO: books","unbalanced"
-1,0,NA,"main_clean","book_d","PLACEBO: books","unbalanced"
0,0.0362406543656204,0.0266952222225268,"main_clean","book_d","PLACEBO: books","unbalanced"
1,-0.0100621487165134,0.0264753953964619,"main_clean","book_d","PLACEBO: books","unbalanced"
2,-0.0166519858139693,0.0269665706800041,"main_clean","book_d","PLACEBO: books","unbalanced"
3,0.00640581214754046,0.0285917291277386,"main_clean","book_d","PLACEBO: books","unbalanced"
4,0.0160875274808096,0.0284378888621512,"main_clean","book_d","PLACEBO: books","unbalanced"
-4,-0.00949160142747706,0.0239325951188263,"main_clean","giftcard_d","PLACEBO: gift cards","balanced"
-3,-0.0346616281459614,0.0237018530313715,"main_clean","giftcard_d","PLACEBO: gift cards","balanced"
-2,0.0108835784084752,0.0233632182963661,"main_clean","giftcard_d","PLACEBO: gift cards","balanced"
-1,0,NA,"main_clean","giftcard_d","PLACEBO: gift cards","balanced"
0,0.0255518861755199,0.0243914919215316,"main_clean","giftcard_d","PLACEBO: gift cards","balanced"
1,0.00756712318529176,0.024522689963006,"main_clean","giftcard_d","PLACEBO: gift cards","balanced"
2,-0.0100836587507707,0.0236527081198734,"main_clean","giftcard_d","PLACEBO: gift cards","balanced"
3,-0.0585050727751724,0.0200416526144423,"main_clean","giftcard_d","PLACEBO: gift cards","balanced"
4,-0.0202513966480447,0.0237569261916741,"main_clean","giftcard_d","PLACEBO: gift cards","balanced"
-4,-0.00902298154724653,0.0214604868746937,"main_clean","giftcard_d","PLACEBO: gift cards","unbalanced"
-3,-0.0289279391476009,0.021067089827241,"main_clean","giftcard_d","PLACEBO: gift cards","unbalanced"
-2,0.0236140217928547,0.021538687959316,"main_clean","giftcard_d","PLACEBO: gift cards","unbalanced"
-1,0,NA,"main_clean","giftcard_d","PLACEBO: gift cards","unbalanced"
0,0.0314544611224464,0.0212793735933527,"main_clean","giftcard_d","PLACEBO: gift cards","unbalanced"
1,0.0135107663183328,0.0215410905850464,"main_clean","giftcard_d","PLACEBO: gift cards","unbalanced"
2,-0.00199359801340126,0.0210086468062222,"main_clean","giftcard_d","PLACEBO: gift cards","unbalanced"
3,-0.0459204730562784,0.0174868020969885,"main_clean","giftcard_d","PLACEBO: gift cards","unbalanced"
4,-0.00556210599849071,0.0210767491352292,"main_clean","giftcard_d","PLACEBO: gift cards","unbalanced"
-4,-0.0344128940042226,0.0319827452675857,"main_clean","cable_d","PLACEBO: cables/batteries","balanced"
-3,-0.0118504885932625,0.0313492849453024,"main_clean","cable_d","PLACEBO: cables/batteries","balanced"
-2,0.00705680947665403,0.0322937582125694,"main_clean","cable_d","PLACEBO: cables/batteries","balanced"
-1,0,NA,"main_clean","cable_d","PLACEBO: cables/batteries","balanced"
0,0.0423408568599241,0.0339951558258457,"main_clean","cable_d","PLACEBO: cables/batteries","balanced"
1,-0.0321462603464061,0.0325227415734867,"main_clean","cable_d","PLACEBO: cables/batteries","balanced"
2,-0.00595327067879897,0.0336586393119549,"main_clean","cable_d","PLACEBO: cables/batteries","balanced"
3,0.0143810373498253,0.0327009111532838,"main_clean","cable_d","PLACEBO: cables/batteries","balanced"
4,-0.00396222977896526,0.0327496586846801,"main_clean","cable_d","PLACEBO: cables/batteries","balanced"
-4,-0.0472939050560573,0.0290970036133041,"main_clean","cable_d","PLACEBO: cables/batteries","unbalanced"
-3,-0.0256536667752604,0.0287557006840393,"main_clean","cable_d","PLACEBO: cables/batteries","unbalanced"
-2,-0.00676502636698272,0.029219241676988,"main_clean","cable_d","PLACEBO: cables/batteries","unbalanced"
-1,0,NA,"main_clean","cable_d","PLACEBO: cables/batteries","unbalanced"
0,0.0428238654348757,0.0305119495053949,"main_clean","cable_d","PLACEBO: cables/batteries","unbalanced"
1,-0.0286460832219453,0.0288937408879431,"main_clean","cable_d","PLACEBO: cables/batteries","unbalanced"
2,0.0203788516440294,0.0311492379336719,"main_clean","cable_d","PLACEBO: cables/batteries","unbalanced"
3,0.012884422789122,0.029764856177168,"main_clean","cable_d","PLACEBO: cables/batteries","unbalanced"
4,0.00367201964070535,0.0306214400640124,"main_clean","cable_d","PLACEBO: cables/batteries","unbalanced"
-4,-0.0135460847144112,0.0234986410905298,"main_clean","cleaning_d","PLACEBO: cleaning","balanced"
-3,-0.0254619681993984,0.0209964823864736,"main_clean","cleaning_d","PLACEBO: cleaning","balanced"
-2,-0.00662006502120663,0.0216864467115488,"main_clean","cleaning_d","PLACEBO: cleaning","balanced"
-1,0,NA,"main_clean","cleaning_d","PLACEBO: cleaning","balanced"
0,-0.00644022906896358,0.023916824210939,"main_clean","cleaning_d","PLACEBO: cleaning","balanced"
1,0.0101151884307094,0.0248648560243534,"main_clean","cleaning_d","PLACEBO: cleaning","balanced"
2,0.0112432503129613,0.0242148591380409,"main_clean","cleaning_d","PLACEBO: cleaning","balanced"
3,0.0220766147867192,0.0251127271621147,"main_clean","cleaning_d","PLACEBO: cleaning","balanced"
4,-0.0178995160778012,0.0245476108864868,"main_clean","cleaning_d","PLACEBO: cleaning","balanced"
-4,-0.0270143646760868,0.02054217436379,"main_clean","cleaning_d","PLACEBO: cleaning","unbalanced"
-3,-0.0324300992070373,0.0186088976320224,"main_clean","cleaning_d","PLACEBO: cleaning","unbalanced"
-2,-0.0150419366433373,0.0191328549302819,"main_clean","cleaning_d","PLACEBO: cleaning","unbalanced"
-1,0,NA,"main_clean","cleaning_d","PLACEBO: cleaning","unbalanced"
0,-0.0093647423347118,0.0211582466078654,"main_clean","cleaning_d","PLACEBO: cleaning","unbalanced"
1,0.00222939939922475,0.0215603972217631,"main_clean","cleaning_d","PLACEBO: cleaning","unbalanced"
2,0.00866076375601439,0.0210231468204775,"main_clean","cleaning_d","PLACEBO: cleaning","unbalanced"
3,0.0180459961205297,0.0222514059398613,"main_clean","cleaning_d","PLACEBO: cleaning","unbalanced"
4,-0.0110165871287819,0.0217883856542219,"main_clean","cleaning_d","PLACEBO: cleaning","unbalanced"
-4,0.0302790026344799,0.023921686322415,"main_clean","grocery_d","PLACEBO: grocery/food","balanced"
-3,0.0279282898301601,0.0221183587730235,"main_clean","grocery_d","PLACEBO: grocery/food","balanced"
-2,0.0123339436856561,0.0199733753831939,"main_clean","grocery_d","PLACEBO: grocery/food","balanced"
-1,0,NA,"main_clean","grocery_d","PLACEBO: grocery/food","balanced"
0,0.0363035070346219,0.0221902233944074,"main_clean","grocery_d","PLACEBO: grocery/food","balanced"
1,0.0484762990228135,0.0240602236908271,"main_clean","grocery_d","PLACEBO: grocery/food","balanced"
2,0.0349465630313335,0.0244573418651662,"main_clean","grocery_d","PLACEBO: grocery/food","balanced"
3,0.0385958315427589,0.0235827368291475,"main_clean","grocery_d","PLACEBO: grocery/food","balanced"
4,0.0420617608041703,0.0252401439994002,"main_clean","grocery_d","PLACEBO: grocery/food","balanced"
-4,0.0259170098149119,0.021536561029373,"main_clean","grocery_d","PLACEBO: grocery/food","unbalanced"
-3,0.0110715077117049,0.0196325166461414,"main_clean","grocery_d","PLACEBO: grocery/food","unbalanced"
-2,0.0146838104285432,0.0184154778131263,"main_clean","grocery_d","PLACEBO: grocery/food","unbalanced"
-1,0,NA,"main_clean","grocery_d","PLACEBO: grocery/food","unbalanced"
0,0.029743469335713,0.0201184468207946,"main_clean","grocery_d","PLACEBO: grocery/food","unbalanced"
1,0.0362153889575634,0.0210838323147703,"main_clean","grocery_d","PLACEBO: grocery/food","unbalanced"
2,0.0250456785706603,0.0221209721143605,"main_clean","grocery_d","PLACEBO: grocery/food","unbalanced"
3,0.0272199589373832,0.0217149219028257,"main_clean","grocery_d","PLACEBO: grocery/food","unbalanced"
4,0.031604977149442,0.0223493651993403,"main_clean","grocery_d","PLACEBO: grocery/food","unbalanced"
-4,-0.093853856295841,0.0482541663686058,"main_clean","ln_n","General: ln(1+#purchases)","balanced"
-3,-0.0973933308255598,0.0456594698733611,"main_clean","ln_n","General: ln(1+#purchases)","balanced"
-2,-0.0979474164952802,0.0425706277459365,"main_clean","ln_n","General: ln(1+#purchases)","balanced"
-1,0,NA,"main_clean","ln_n","General: ln(1+#purchases)","balanced"
0,0.201773660358461,0.0368246023814951,"main_clean","ln_n","General: ln(1+#purchases)","balanced"
1,0.0120609991061367,0.0414174908863351,"main_clean","ln_n","General: ln(1+#purchases)","balanced"
2,-0.0140458069058464,0.0428632652673466,"main_clean","ln_n","General: ln(1+#purchases)","balanced"
3,-0.039819218087754,0.0441994898048653,"main_clean","ln_n","General: ln(1+#purchases)","balanced"
4,-0.0312559909545061,0.0465963355337795,"main_clean","ln_n","General: ln(1+#purchases)","balanced"
-4,-0.218765119902657,0.0481417444900395,"main_clean","ln_n","General: ln(1+#purchases)","unbalanced"
-3,-0.179271719148839,0.0445139402199223,"main_clean","ln_n","General: ln(1+#purchases)","unbalanced"
-2,-0.149523474249564,0.0430611478284585,"main_clean","ln_n","General: ln(1+#purchases)","unbalanced"
-1,0,NA,"main_clean","ln_n","General: ln(1+#purchases)","unbalanced"
0,0.20606446877005,0.0347529714381959,"main_clean","ln_n","General: ln(1+#purchases)","unbalanced"
1,0.0129693982799455,0.0379787801497031,"main_clean","ln_n","General: ln(1+#purchases)","unbalanced"
2,-0.0379259880539717,0.0420434722593086,"main_clean","ln_n","General: ln(1+#purchases)","unbalanced"
3,-0.0481734696052956,0.0426148789649101,"main_clean","ln_n","General: ln(1+#purchases)","unbalanced"
4,-0.0681886791622933,0.0456708187879791,"main_clean","ln_n","General: ln(1+#purchases)","unbalanced"
-4,-0.193065457510105,0.0804865753745879,"main_clean","ln_spend","General: ln(1+spend)","balanced"
-3,-0.163943324011043,0.0808354702395442,"main_clean","ln_spend","General: ln(1+spend)","balanced"
-2,-0.144401028122812,0.0773605173728337,"main_clean","ln_spend","General: ln(1+spend)","balanced"
-1,0,NA,"main_clean","ln_spend","General: ln(1+spend)","balanced"
0,0.519334502594472,0.0580103254735743,"main_clean","ln_spend","General: ln(1+spend)","balanced"
1,-0.0188962951359612,0.0669038971828012,"main_clean","ln_spend","General: ln(1+spend)","balanced"
2,-0.0608361762056155,0.07136148580247,"main_clean","ln_spend","General: ln(1+spend)","balanced"
3,-0.0975875124098386,0.0711370713583736,"main_clean","ln_spend","General: ln(1+spend)","balanced"
4,-0.0948851233553887,0.071267982386927,"main_clean","ln_spend","General: ln(1+spend)","balanced"
-4,-0.384664549369365,0.0835157137273014,"main_clean","ln_spend","General: ln(1+spend)","unbalanced"
-3,-0.283551703699226,0.0807102460394691,"main_clean","ln_spend","General: ln(1+spend)","unbalanced"
-2,-0.228933263830208,0.0796312756502085,"main_clean","ln_spend","General: ln(1+spend)","unbalanced"
-1,0,NA,"main_clean","ln_spend","General: ln(1+spend)","unbalanced"
0,0.553159160467731,0.0571205813181104,"main_clean","ln_spend","General: ln(1+spend)","unbalanced"
1,0.0202254477445493,0.0633261761061978,"main_clean","ln_spend","General: ln(1+spend)","unbalanced"
2,-0.0602284425037847,0.0703207954271219,"main_clean","ln_spend","General: ln(1+spend)","unbalanced"
3,-0.098039378448639,0.0701391346002406,"main_clean","ln_spend","General: ln(1+spend)","unbalanced"
4,-0.135523657741321,0.0699113843035446,"main_clean","ln_spend","General: ln(1+spend)","unbalanced"
