"spec","panel","outcome","name","cond","post_att","post_se","mean_pre","n_treated","n_ctrl"
"main_all","balanced","run_shoe_d","Running shoe",FALSE,-0.0245029474616336,0.0115925224561358,-0.0303403150301638,457,2392
"main_all","balanced","run_shoe_d","Running shoe",TRUE,-0.0253105784042573,0.011658804209381,-0.0322705348761878,457,2392
"main_all","balanced","run_any_d","Running-related (keyword)",FALSE,-0.0351122541952387,0.0187038356799801,-0.0919808674185042,457,2392
"main_all","balanced","run_any_d","Running-related (keyword)",TRUE,-0.0347988988123929,0.0186415599223557,-0.0930678054585327,457,2392
"main_all","balanced","fit_gear_d","Fitness gear",FALSE,-0.000580893276640589,0.0150698837593633,-0.00821514213436961,457,2392
"main_all","balanced","fit_gear_d","Fitness gear",TRUE,0.000260608306074077,0.015167349075549,-0.0111003465406449,457,2392
"main_all","balanced","supp_d","Supplements",FALSE,0.027049272556955,0.0186344867046857,-0.0144689690165858,457,2392
"main_all","balanced","supp_d","Supplements",TRUE,0.0275638282498861,0.0188724196201237,-0.0124856423999509,457,2392
"main_all","balanced","med_d","Medication",FALSE,-0.0173575027626735,0.0158973509443089,-0.0319482154226708,457,2392
"main_all","balanced","med_d","Medication",TRUE,-0.0248316662282577,0.0162171298486775,-0.0325451222015563,457,2392
"main_all","balanced","pet_d","PLACEBO: pet",FALSE,-0.00495726089152024,0.0168624047300362,-0.0473167304582013,457,2392
"main_all","balanced","pet_d","PLACEBO: pet",TRUE,-0.00185896206921496,0.0171570696532793,-0.048740927937122,457,2392
"main_all","balanced","book_d","PLACEBO: books",FALSE,0.0276688158193248,0.0211694779258078,-0.0219135508832017,457,2392
"main_all","balanced","book_d","PLACEBO: books",TRUE,0.0342788149465465,0.0214544984093708,-0.0264277863653869,457,2392
"main_all","balanced","giftcard_d","PLACEBO: gift cards",FALSE,0.00815217391304348,0.0163004867438513,0.0134803831883082,457,2392
"main_all","balanced","giftcard_d","PLACEBO: gift cards",TRUE,0.0131310403372699,0.0164824836661692,0.0109777444197915,457,2392
"main_all","balanced","cable_d","PLACEBO: cables/batteries",FALSE,0.0047104955980182,0.0227505673481283,-0.00489170075793613,457,2392
"main_all","balanced","cable_d","PLACEBO: cables/batteries",TRUE,0.0078091283005979,0.0230040657527805,-0.0044319906535124,457,2392
"main_all","balanced","cleaning_d","PLACEBO: cleaning",FALSE,0.0166695787563212,0.0169756422041212,0.00285018869121238,457,2392
"main_all","balanced","cleaning_d","PLACEBO: cleaning",TRUE,0.0168142685361755,0.0170179032838142,0.00631211235431817,457,2392
"main_all","balanced","grocery_d","PLACEBO: grocery/food",FALSE,0.0179484587574921,0.0173197538448732,0.0024034649902788,457,2392
"main_all","balanced","grocery_d","PLACEBO: grocery/food",TRUE,0.0197900222401841,0.0173787002598821,0.00642911874247845,457,2392
"main_all","balanced","ln_n","General: ln(1+#purchases)",FALSE,0.00141474836433015,0.0334419552728575,-0.0807752897461734,457,2392
"main_all","balanced","ln_n","General: ln(1+#purchases)",TRUE,0.0413417959244746,0.0336103510741238,-0.113172713537028,457,2392
"main_all","balanced","ln_spend","General: ln(1+spend)",FALSE,-0.0263626908554122,0.0525118949347402,-0.114738642563825,457,2392
"main_all","balanced","ln_spend","General: ln(1+spend)",TRUE,0.0388269137351572,0.0524593361528194,-0.172955808979442,457,2392
"main_all","unbalanced","run_shoe_d","Running shoe",FALSE,-0.0190201615482225,0.0107469246322185,-0.0274430428426793,476,4086
"main_all","unbalanced","run_shoe_d","Running shoe",TRUE,-0.0210977049804442,0.0169095001437059,-0.0336648696365136,476,4086
"main_all","unbalanced","run_any_d","Running-related (keyword)",FALSE,-0.0395357706713854,0.0184370334737146,-0.0818584844167632,476,4086
"main_all","unbalanced","run_any_d","Running-related (keyword)",TRUE,-0.0285771402567644,0.0289174055225441,-0.0739823440325554,476,4086
"main_all","unbalanced","fit_gear_d","Fitness gear",FALSE,-0.0163259028202829,0.0147398423871586,-0.0327053797572839,476,4086
"main_all","unbalanced","fit_gear_d","Fitness gear",TRUE,-0.0106307836654292,0.0206864110267487,-0.0365741618371646,476,4086
"main_all","unbalanced","supp_d","Supplements",FALSE,0.0234108049394867,0.018872317966304,-0.04830999598556,476,4086
"main_all","unbalanced","supp_d","Supplements",TRUE,0.0294540733120383,0.0258199581574187,-0.0283770906141402,476,4086
"main_all","unbalanced","med_d","Medication",FALSE,-0.00970746737749116,0.0160872269744306,-0.0429956745892365,476,4086
"main_all","unbalanced","med_d","Medication",TRUE,-0.0199982756210203,0.0247282010027912,-0.0588007788303359,476,4086
"main_all","unbalanced","pet_d","PLACEBO: pet",FALSE,-0.0277856821679675,0.0179434287616697,-0.0603788868038032,476,4086
"main_all","unbalanced","pet_d","PLACEBO: pet",TRUE,-0.0352133240036903,0.0279336131372006,-0.0987756592028221,476,4086
"main_all","unbalanced","book_d","PLACEBO: books",FALSE,-0.0138566674220058,0.0213155226618408,-0.0610828226077061,476,4086
"main_all","unbalanced","book_d","PLACEBO: books",TRUE,-0.00180876403231732,0.031976884408611,-0.085922940657597,476,4086
"main_all","unbalanced","giftcard_d","PLACEBO: gift cards",FALSE,-0.00783641146765555,0.0157709856274296,0.000598570747167203,476,4086
"main_all","unbalanced","giftcard_d","PLACEBO: gift cards",TRUE,0.00854046852587696,0.0223361581307916,0.0123080539887813,476,4086
"main_all","unbalanced","cable_d","PLACEBO: cables/batteries",FALSE,0.000548558915735104,0.0215740093671082,-0.0512441401382627,476,4086
"main_all","unbalanced","cable_d","PLACEBO: cables/batteries",TRUE,-0.0320209650543486,0.0339802427265827,-0.0807818317810049,476,4086
"main_all","unbalanced","cleaning_d","PLACEBO: cleaning",FALSE,0.0287567074106219,0.0151711186268022,-0.00533409282948503,476,4086
"main_all","unbalanced","cleaning_d","PLACEBO: cleaning",TRUE,0.0108030250288003,0.0242181928472331,-0.0204612659022007,476,4086
"main_all","unbalanced","grocery_d","PLACEBO: grocery/food",FALSE,0.0159194916968698,0.0166708322779097,-0.00931912452043725,476,4086
"main_all","unbalanced","grocery_d","PLACEBO: grocery/food",TRUE,0.0352776035925064,0.0268972668302596,0.0124080515922812,476,4086
"main_all","unbalanced","ln_n","General: ln(1+#purchases)",FALSE,-0.145818516692813,0.0382876937232223,-0.26182865334982,476,4086
"main_all","unbalanced","ln_n","General: ln(1+#purchases)",TRUE,-0.0547476579083867,0.0543065566632797,-0.299563330105061,476,4086
"main_all","unbalanced","ln_spend","General: ln(1+spend)",FALSE,-0.275904788443561,0.0576732499555404,-0.376755138006528,476,4086
"main_all","unbalanced","ln_spend","General: ln(1+spend)",TRUE,-0.143005842233852,0.0820572322029549,-0.434678422323698,476,4086
"main_clean","balanced","run_shoe_d","Running shoe",FALSE,-0.0222891481848247,0.01318314042442,-0.0289166090568811,358,2392
"main_clean","balanced","run_shoe_d","Running shoe",TRUE,-0.0249155192564302,0.0132220787148192,-0.0316718484710824,358,2392
"main_clean","balanced","run_any_d","Running-related (keyword)",FALSE,-0.0435964971693354,0.0207729111195685,-0.088394430846459,358,2392
"main_clean","balanced","run_any_d","Running-related (keyword)",TRUE,-0.0474648796637435,0.0206997869347883,-0.089380348764512,358,2392
"main_clean","balanced","fit_gear_d","Fitness gear",FALSE,0.00751165430391809,0.0163426000232512,0.00520706825358271,358,2392
"main_clean","balanced","fit_gear_d","Fitness gear",TRUE,0.00804729789751221,0.0166054615839951,0.00245237103032585,358,2392
"main_clean","balanced","supp_d","Supplements",FALSE,0.0244439682554511,0.0208771188312417,-0.0209543917340857,358,2392
"main_clean","balanced","supp_d","Supplements",TRUE,0.0246421267022148,0.0213610433139997,-0.0191219658830353,358,2392
"main_clean","balanced","med_d","Medication",FALSE,-0.0203620424693111,0.018079743726674,-0.027568617925674,358,2392
"main_clean","balanced","med_d","Medication",TRUE,-0.0275611092863501,0.0184740295777943,-0.0284326442933388,358,2392
"main_clean","balanced","pet_d","PLACEBO: pet",FALSE,-0.013254727116459,0.0194903280398533,-0.0508453068266039,358,2392
"main_clean","balanced","pet_d","PLACEBO: pet",TRUE,-0.00923687140017642,0.0196594888479381,-0.052679337391406,358,2392
"main_clean","balanced","book_d","PLACEBO: books",FALSE,0.0113083532632051,0.0237198871090038,-0.027789325685245,358,2392
"main_clean","balanced","book_d","PLACEBO: books",TRUE,0.017024560448747,0.0241965358597933,-0.0347643529061535,358,2392
"main_clean","balanced","giftcard_d","PLACEBO: gift cards",FALSE,-0.020318251247174,0.0183757009964769,-0.0110898837216544,358,2392
"main_clean","balanced","giftcard_d","PLACEBO: gift cards",TRUE,-0.0163780023099285,0.0185788842350778,-0.0149128006330675,358,2392
"main_clean","balanced","cable_d","PLACEBO: cables/batteries",FALSE,-0.00692018086358625,0.0257285568494844,-0.0130688577069437,358,2392
"main_clean","balanced","cable_d","PLACEBO: cables/batteries",TRUE,-0.00432624150529628,0.0261147637136513,-0.0126607504982528,358,2392
"main_clean","balanced","cleaning_d","PLACEBO: cleaning",FALSE,0.00638388436314718,0.0201222071282691,-0.0152093726450054,358,2392
"main_clean","balanced","cleaning_d","PLACEBO: cleaning",TRUE,0.0034006146867424,0.0202763293443228,-0.0147254565917478,358,2392
"main_clean","balanced","grocery_d","PLACEBO: grocery/food",FALSE,0.0410201136002691,0.019404079414062,0.023513745383432,358,2392
"main_clean","balanced","grocery_d","PLACEBO: grocery/food",TRUE,0.0431651786817264,0.0194524206720956,0.0264907927669719,358,2392
"main_clean","balanced","ln_n","General: ln(1+#purchases)",FALSE,-0.0182650042104925,0.0363377854778559,-0.0963982012055604,358,2392
"main_clean","balanced","ln_n","General: ln(1+#purchases)",TRUE,0.0249820012574017,0.0367090148997024,-0.134872795547135,358,2392
"main_clean","balanced","ln_spend","General: ln(1+spend)",FALSE,-0.068051276776701,0.0574541077083934,-0.167136603214653,358,2392
"main_clean","balanced","ln_spend","General: ln(1+spend)",TRUE,0.00490607680652427,0.0574865426426124,-0.233050843364755,358,2392
"main_clean","unbalanced","run_shoe_d","Running shoe",FALSE,-0.0135248369330783,0.0125973881272299,-0.0258785087144543,374,4086
"main_clean","unbalanced","run_shoe_d","Running shoe",TRUE,-0.0383166160007219,0.0248987110325143,-0.0456397508543079,374,4086
"main_clean","unbalanced","run_any_d","Running-related (keyword)",FALSE,-0.0418768978974072,0.0211689972810623,-0.0854210161262024,374,4086
"main_clean","unbalanced","run_any_d","Running-related (keyword)",TRUE,-0.061728428287752,0.0381344552253537,-0.0823948222478136,374,4086
"main_clean","unbalanced","fit_gear_d","Fitness gear",FALSE,-0.020309644186787,0.0169591516026524,-0.0386133181428498,374,4086
"main_clean","unbalanced","fit_gear_d","Fitness gear",TRUE,-0.0404961917424328,0.028265378817686,-0.0493808925006301,374,4086
"main_clean","unbalanced","supp_d","Supplements",FALSE,0.0240516017174618,0.021123432352872,-0.0489152303068366,374,4086
"main_clean","unbalanced","supp_d","Supplements",TRUE,0.0373584414314833,0.0385260026892098,-0.0343431570632666,374,4086
"main_clean","unbalanced","med_d","Medication",FALSE,-0.0249979042134916,0.0184636201017263,-0.0527386996065118,374,4086
"main_clean","unbalanced","med_d","Medication",TRUE,-0.00894016851699174,0.0319151303082137,-0.062721593008097,374,4086
"main_clean","unbalanced","pet_d","PLACEBO: pet",FALSE,-0.0404070759834734,0.0207407174706619,-0.0708679341326256,374,4086
"main_clean","unbalanced","pet_d","PLACEBO: pet",TRUE,-0.0294677490374862,0.0400561999470807,-0.065836390227741,374,4086
"main_clean","unbalanced","book_d","PLACEBO: books",FALSE,-0.0218176978468312,0.022918319848916,-0.0542328892196989,374,4086
"main_clean","unbalanced","book_d","PLACEBO: books",TRUE,0.0215881216699905,0.0357828805360137,-0.0470426284762028,374,4086
"main_clean","unbalanced","giftcard_d","PLACEBO: gift cards",FALSE,-0.0310249720964216,0.0179149110467086,-0.0200205943441364,374,4086
"main_clean","unbalanced","giftcard_d","PLACEBO: gift cards",TRUE,0.0236281352887856,0.0292733037880476,0.0096787446794161,374,4086
"main_clean","unbalanced","cable_d","PLACEBO: cables/batteries",FALSE,-0.0161521493030129,0.0241248036215891,-0.0595926904493069,374,4086
"main_clean","unbalanced","cable_d","PLACEBO: cables/batteries",TRUE,-0.0740512006342316,0.0449165795654935,-0.0867306925910117,374,4086
"main_clean","unbalanced","cleaning_d","PLACEBO: cleaning",FALSE,0.0023424692726322,0.0182754944053852,-0.0286059378181176,374,4086
"main_clean","unbalanced","cleaning_d","PLACEBO: cleaning",TRUE,-0.0233283403762852,0.0360562443771184,-0.0551937433592565,374,4086
"main_clean","unbalanced","grocery_d","PLACEBO: grocery/food",FALSE,0.0398178703046731,0.0177653227017172,0.0230970219388402,374,4086
"main_clean","unbalanced","grocery_d","PLACEBO: grocery/food",TRUE,0.0620070257072407,0.0313204468447109,0.031339550655606,374,4086
"main_clean","unbalanced","ln_n","General: ln(1+#purchases)",FALSE,-0.154894666216223,0.0418929872500261,-0.255365511318103,374,4086
"main_clean","unbalanced","ln_n","General: ln(1+#purchases)",TRUE,-0.0564613135794579,0.069458805251046,-0.223587338504682,374,4086
"main_clean","unbalanced","ln_spend","General: ln(1+spend)",FALSE,-0.298724462830426,0.0635007100777179,-0.384919200550291,374,4086
"main_clean","unbalanced","ln_spend","General: ln(1+spend)",TRUE,-0.087308910266852,0.103563826857441,-0.31613434594784,374,4086
