treat,outcome,e,att,se,overall,overall_se
Non-kids trackers,Medication purchase (any),-8,-0.0277023049139009,0.0193267746884905,-0.000871620415364621,0.0118108778989396
Non-kids trackers,Medication purchase (any),-7,-0.0382569148705974,0.0166677969863807,-0.000871620415364621,0.0118108778989396
Non-kids trackers,Medication purchase (any),-6,-0.02642686905827,0.0158733851270998,-0.000871620415364621,0.0118108778989396
Non-kids trackers,Medication purchase (any),-5,-0.0490152070242545,0.0162537524338839,-0.000871620415364621,0.0118108778989396
Non-kids trackers,Medication purchase (any),-4,-0.0410054099399516,0.0150622648006212,-0.000871620415364621,0.0118108778989396
Non-kids trackers,Medication purchase (any),-3,-0.0375294469736512,0.0142351466284648,-0.000871620415364621,0.0118108778989396
Non-kids trackers,Medication purchase (any),-2,-0.00761316381882443,0.0138704126782637,-0.000871620415364621,0.0118108778989396
Non-kids trackers,Medication purchase (any),-1,0,,-0.000871620415364621,0.0118108778989396
Non-kids trackers,Medication purchase (any),0,-0.0103837253312359,0.0130001292936524,-0.000871620415364621,0.0118108778989396
Non-kids trackers,Medication purchase (any),1,-0.00462035453037959,0.0143622394906443,-0.000871620415364621,0.0118108778989396
Non-kids trackers,Medication purchase (any),2,-0.0209923153934535,0.0151310186743796,-0.000871620415364621,0.0118108778989396
Non-kids trackers,Medication purchase (any),3,0.00625722697010223,0.0164389355301706,-0.000871620415364621,0.0118108778989396
Non-kids trackers,Medication purchase (any),4,-0.0115699303582266,0.0158922746533917,-0.000871620415364621,0.0118108778989396
Non-kids trackers,Medication purchase (any),5,0.0167312760023371,0.0171810051038288,-0.000871620415364621,0.0118108778989396
Non-kids trackers,Medication purchase (any),6,-0.0202748975443613,0.0179558239611613,-0.000871620415364621,0.0118108778989396
Non-kids trackers,Medication purchase (any),7,0.000459465096796521,0.018727689803633,-0.000871620415364621,0.0118108778989396
Non-kids trackers,Medication purchase (any),8,0.00645345491646072,0.0216765436456148,-0.000871620415364621,0.0118108778989396
Non-kids trackers,Running-related purchase (any),-8,-0.0803831483521487,0.0213840144682261,-0.0137368801734029,0.0138713220433812
Non-kids trackers,Running-related purchase (any),-7,-0.109655753084034,0.0188941532073242,-0.0137368801734029,0.0138713220433812
Non-kids trackers,Running-related purchase (any),-6,-0.0453239671017041,0.0197489491832549,-0.0137368801734029,0.0138713220433812
Non-kids trackers,Running-related purchase (any),-5,-0.0840398294947859,0.0179544363332668,-0.0137368801734029,0.0138713220433812
Non-kids trackers,Running-related purchase (any),-4,-0.0851595548789363,0.0180924736039878,-0.0137368801734029,0.0138713220433812
Non-kids trackers,Running-related purchase (any),-3,-0.0598642684199828,0.0175048379311895,-0.0137368801734029,0.0138713220433812
Non-kids trackers,Running-related purchase (any),-2,-0.0854432193219322,0.0169623560042652,-0.0137368801734029,0.0138713220433812
Non-kids trackers,Running-related purchase (any),-1,0,,-0.0137368801734029,0.0138713220433812
Non-kids trackers,Running-related purchase (any),0,-0.00656137673532569,0.0186001454635497,-0.0137368801734029,0.0138713220433812
Non-kids trackers,Running-related purchase (any),1,-0.0109075229645987,0.0180620118867225,-0.0137368801734029,0.0138713220433812
Non-kids trackers,Running-related purchase (any),2,-0.023673091255561,0.0188868511821686,-0.0137368801734029,0.0138713220433812
Non-kids trackers,Running-related purchase (any),3,-0.0415335484487891,0.019390791638867,-0.0137368801734029,0.0138713220433812
Non-kids trackers,Running-related purchase (any),4,-0.0279620107459643,0.0205332212159853,-0.0137368801734029,0.0138713220433812
Non-kids trackers,Running-related purchase (any),5,-0.0346548315915967,0.0209509020090742,-0.0137368801734029,0.0138713220433812
Non-kids trackers,Running-related purchase (any),6,-0.0262430881100322,0.021606580580075,-0.0137368801734029,0.0138713220433812
Non-kids trackers,Running-related purchase (any),7,-0.020978149534094,0.0232281154221341,-0.0137368801734029,0.0138713220433812
Non-kids trackers,Running-related purchase (any),8,-0.0163908568947162,0.0239881289108759,-0.0137368801734029,0.0138713220433812
Non-kids trackers,Running-shoe purchase (any),-8,-0.0195283596039062,0.0119316685227779,-0.00542454675800294,0.00835051407626621
Non-kids trackers,Running-shoe purchase (any),-7,-0.0311071725356504,0.00921105859228809,-0.00542454675800294,0.00835051407626621
Non-kids trackers,Running-shoe purchase (any),-6,-0.00875924784618641,0.01096648453739,-0.00542454675800294,0.00835051407626621
Non-kids trackers,Running-shoe purchase (any),-5,-0.017509639441042,0.00983067848365341,-0.00542454675800294,0.00835051407626621
Non-kids trackers,Running-shoe purchase (any),-4,-0.0212633612217174,0.0095764540959348,-0.00542454675800294,0.00835051407626621
Non-kids trackers,Running-shoe purchase (any),-3,-0.0115871097705552,0.00945666317323067,-0.00542454675800294,0.00835051407626621
Non-kids trackers,Running-shoe purchase (any),-2,-0.0239673971350093,0.00789777874159193,-0.00542454675800294,0.00835051407626621
Non-kids trackers,Running-shoe purchase (any),-1,0,,-0.00542454675800294,0.00835051407626621
Non-kids trackers,Running-shoe purchase (any),0,-0.0105757187945624,0.0104126298369261,-0.00542454675800294,0.00835051407626621
Non-kids trackers,Running-shoe purchase (any),1,-0.00965158754622135,0.0103951702867899,-0.00542454675800294,0.00835051407626621
Non-kids trackers,Running-shoe purchase (any),2,-0.00563964123281539,0.00993961070190456,-0.00542454675800294,0.00835051407626621
Non-kids trackers,Running-shoe purchase (any),3,-0.0213858757882578,0.0103611298124398,-0.00542454675800294,0.00835051407626621
Non-kids trackers,Running-shoe purchase (any),4,-0.0143137326003908,0.00951226892178476,-0.00542454675800294,0.00835051407626621
Non-kids trackers,Running-shoe purchase (any),5,-0.00800929295749494,0.0121042949655222,-0.00542454675800294,0.00835051407626621
Non-kids trackers,Running-shoe purchase (any),6,-0.00625960697805541,0.0119990310229779,-0.00542454675800294,0.00835051407626621
Non-kids trackers,Running-shoe purchase (any),7,0.00727350832717248,0.0127689033308797,-0.00542454675800294,0.00835051407626621
Non-kids trackers,Running-shoe purchase (any),8,-0.00858948213563869,0.0129834906674392,-0.00542454675800294,0.00835051407626621
Non-kids trackers,Fitness-gear purchase (any),-8,-0.0240831819140162,0.018255903992569,-0.00799272762229506,0.0115553270395712
Non-kids trackers,Fitness-gear purchase (any),-7,-0.0566004338465912,0.0159880680530272,-0.00799272762229506,0.0115553270395712
Non-kids trackers,Fitness-gear purchase (any),-6,-0.0230965767745442,0.0165914851797377,-0.00799272762229506,0.0115553270395712
Non-kids trackers,Fitness-gear purchase (any),-5,-0.0213709538794214,0.0152719797521147,-0.00799272762229506,0.0115553270395712
Non-kids trackers,Fitness-gear purchase (any),-4,-0.0367110305854205,0.0147307590125786,-0.00799272762229506,0.0115553270395712
Non-kids trackers,Fitness-gear purchase (any),-3,-0.0314382183906979,0.0143128137037325,-0.00799272762229506,0.0115553270395712
Non-kids trackers,Fitness-gear purchase (any),-2,-0.0119554739336689,0.0135188390880539,-0.00799272762229506,0.0115553270395712
Non-kids trackers,Fitness-gear purchase (any),-1,0,,-0.00799272762229506,0.0115553270395712
Non-kids trackers,Fitness-gear purchase (any),0,-0.00144214743928252,0.0150636006619664,-0.00799272762229506,0.0115553270395712
Non-kids trackers,Fitness-gear purchase (any),1,-0.00694546047271208,0.0143583653451963,-0.00799272762229506,0.0115553270395712
Non-kids trackers,Fitness-gear purchase (any),2,-0.0143892860164521,0.0151389787812312,-0.00799272762229506,0.0115553270395712
Non-kids trackers,Fitness-gear purchase (any),3,-0.0359058856661535,0.0137519316880136,-0.00799272762229506,0.0115553270395712
Non-kids trackers,Fitness-gear purchase (any),4,0.00913816947820803,0.0170388858835571,-0.00799272762229506,0.0115553270395712
Non-kids trackers,Fitness-gear purchase (any),5,-0.024274751807888,0.0157893683660439,-0.00799272762229506,0.0115553270395712
Non-kids trackers,Fitness-gear purchase (any),6,-0.00606478419336309,0.0171315630918278,-0.00799272762229506,0.0115553270395712
Non-kids trackers,Fitness-gear purchase (any),7,-0.00318701223740347,0.0190019932326824,-0.00799272762229506,0.0115553270395712
Non-kids trackers,Fitness-gear purchase (any),8,0.00386146340300048,0.0213391395755442,-0.00799272762229506,0.0115553270395712
Non-kids trackers,Supplement purchase (any),-8,-0.040781598888641,0.0205977263079897,0.0266301617173815,0.0157919301723739
Non-kids trackers,Supplement purchase (any),-7,-0.0226052401094005,0.0211773479490313,0.0266301617173815,0.0157919301723739
Non-kids trackers,Supplement purchase (any),-6,-0.0505027833655862,0.0201586773594254,0.0266301617173815,0.0157919301723739
Non-kids trackers,Supplement purchase (any),-5,-0.00768106731483048,0.0180168842071768,0.0266301617173815,0.0157919301723739
Non-kids trackers,Supplement purchase (any),-4,-0.0110698558398648,0.0182064765022812,0.0266301617173815,0.0157919301723739
Non-kids trackers,Supplement purchase (any),-3,-0.0123447836397631,0.0166284363439968,0.0266301617173815,0.0157919301723739
Non-kids trackers,Supplement purchase (any),-2,0.00676968783731752,0.0171453062960128,0.0266301617173815,0.0157919301723739
Non-kids trackers,Supplement purchase (any),-1,0,,0.0266301617173815,0.0157919301723739
Non-kids trackers,Supplement purchase (any),0,0.0303605657124037,0.0154759493802822,0.0266301617173815,0.0157919301723739
Non-kids trackers,Supplement purchase (any),1,0.0314735703558479,0.0157895994216319,0.0266301617173815,0.0157919301723739
Non-kids trackers,Supplement purchase (any),2,0.0352112841830452,0.0171078028227669,0.0266301617173815,0.0157919301723739
Non-kids trackers,Supplement purchase (any),3,0.0273374603464027,0.0193196511806039,0.0266301617173815,0.0157919301723739
Non-kids trackers,Supplement purchase (any),4,0.0224462730163861,0.0199018652057503,0.0266301617173815,0.0157919301723739
Non-kids trackers,Supplement purchase (any),5,0.0198281046388637,0.0212094420244214,0.0266301617173815,0.0157919301723739
Non-kids trackers,Supplement purchase (any),6,-0.00669943123795626,0.0219176328269232,0.0266301617173815,0.0157919301723739
Non-kids trackers,Supplement purchase (any),7,0.0303588906565975,0.0233092754781047,0.0266301617173815,0.0157919301723739
Non-kids trackers,Supplement purchase (any),8,0.0304232099953022,0.0269233132275921,0.0266301617173815,0.0157919301723739
Clean trackers,Medication purchase (any),-8,-0.0423574431674502,0.0233778848104716,-0.0131180539128726,0.0139078299387992
Clean trackers,Medication purchase (any),-7,-0.0434433243103791,0.0202617104710589,-0.0131180539128726,0.0139078299387992
Clean trackers,Medication purchase (any),-6,-0.0376982982439524,0.0181478780703393,-0.0131180539128726,0.0139078299387992
Clean trackers,Medication purchase (any),-5,-0.0488575917495023,0.0176371282385049,-0.0131180539128726,0.0139078299387992
Clean trackers,Medication purchase (any),-4,-0.0375845507166332,0.0167645219508616,-0.0131180539128726,0.0139078299387992
Clean trackers,Medication purchase (any),-3,-0.036605800432046,0.0152509467715837,-0.0131180539128726,0.0139078299387992
Clean trackers,Medication purchase (any),-2,-0.0161424301531984,0.0152523330708327,-0.0131180539128726,0.0139078299387992
Clean trackers,Medication purchase (any),-1,0,,-0.0131180539128726,0.0139078299387992
Clean trackers,Medication purchase (any),0,-0.0210061154449392,0.0151355822634825,-0.0131180539128726,0.0139078299387992
Clean trackers,Medication purchase (any),1,-0.00815840184339884,0.0166628551178194,-0.0131180539128726,0.0139078299387992
Clean trackers,Medication purchase (any),2,-0.0337544880763151,0.0174156775331052,-0.0131180539128726,0.0139078299387992
Clean trackers,Medication purchase (any),3,0.000237396169373169,0.0168858537270538,-0.0131180539128726,0.0139078299387992
Clean trackers,Medication purchase (any),4,-0.0216518368344375,0.0175150430532603,-0.0131180539128726,0.0139078299387992
Clean trackers,Medication purchase (any),5,0.00209121582076168,0.0214967659274246,-0.0131180539128726,0.0139078299387992
Clean trackers,Medication purchase (any),6,-0.0379593580297133,0.0210956892986081,-0.0131180539128726,0.0139078299387992
Clean trackers,Medication purchase (any),7,0.0005327386255862,0.0217287776103549,-0.0131180539128726,0.0139078299387992
Clean trackers,Medication purchase (any),8,-0.00220516160279905,0.0235588249730505,-0.0131180539128726,0.0139078299387992
Clean trackers,Running-related purchase (any),-8,-0.0741646289961299,0.0251088409062711,-0.000597445477949302,0.0165589728147534
Clean trackers,Running-related purchase (any),-7,-0.109667865525096,0.0231476878450673,-0.000597445477949302,0.0165589728147534
Clean trackers,Running-related purchase (any),-6,-0.0504871890203516,0.023028604363933,-0.000597445477949302,0.0165589728147534
Clean trackers,Running-related purchase (any),-5,-0.080351405228119,0.0214911012129335,-0.000597445477949302,0.0165589728147534
Clean trackers,Running-related purchase (any),-4,-0.0866918330155733,0.0199436672815192,-0.000597445477949302,0.0165589728147534
Clean trackers,Running-related purchase (any),-3,-0.0542295210900227,0.018844549164962,-0.000597445477949302,0.0165589728147534
Clean trackers,Running-related purchase (any),-2,-0.0781802054507523,0.020298960571206,-0.000597445477949302,0.0165589728147534
Clean trackers,Running-related purchase (any),-1,0,,-0.000597445477949302,0.0165589728147534
Clean trackers,Running-related purchase (any),0,0.00339081262465453,0.0208284731991315,-0.000597445477949302,0.0165589728147534
Clean trackers,Running-related purchase (any),1,-0.0129188957114951,0.0207972861577168,-0.000597445477949302,0.0165589728147534
Clean trackers,Running-related purchase (any),2,-0.0139050092107475,0.0210096006712398,-0.000597445477949302,0.0165589728147534
Clean trackers,Running-related purchase (any),3,-0.0321611654320431,0.0203805090805241,-0.000597445477949302,0.0165589728147534
Clean trackers,Running-related purchase (any),4,-0.0180218708700177,0.0201491278514891,-0.000597445477949302,0.0165589728147534
Clean trackers,Running-related purchase (any),5,-0.0234553632580186,0.0226860753099277,-0.000597445477949302,0.0165589728147534
Clean trackers,Running-related purchase (any),6,-0.011425001551784,0.0250519225578293,-0.000597445477949302,0.0165589728147534
Clean trackers,Running-related purchase (any),7,-0.0163539742856461,0.0255780502757873,-0.000597445477949302,0.0165589728147534
Clean trackers,Running-related purchase (any),8,0.00977761556497181,0.0268276043819663,-0.000597445477949302,0.0165589728147534
Clean trackers,Running-shoe purchase (any),-8,-0.0184046869463884,0.0149556333255457,0.000815493488770746,0.00875814924145923
Clean trackers,Running-shoe purchase (any),-7,-0.0324912537502877,0.0120430755396922,0.000815493488770746,0.00875814924145923
Clean trackers,Running-shoe purchase (any),-6,-0.0163192671055028,0.0127743664568541,0.000815493488770746,0.00875814924145923
Clean trackers,Running-shoe purchase (any),-5,-0.0173617499458286,0.0122712692553923,0.000815493488770746,0.00875814924145923
Clean trackers,Running-shoe purchase (any),-4,-0.0175464820134525,0.0117448711873297,0.000815493488770746,0.00875814924145923
Clean trackers,Running-shoe purchase (any),-3,-0.0145884170086752,0.011482585484073,0.000815493488770746,0.00875814924145923
Clean trackers,Running-shoe purchase (any),-2,-0.0240014998675159,0.00996436720586172,0.000815493488770746,0.00875814924145923
Clean trackers,Running-shoe purchase (any),-1,0,,0.000815493488770746,0.00875814924145923
Clean trackers,Running-shoe purchase (any),0,-0.00883139781318935,0.0107826237755462,0.000815493488770746,0.00875814924145923
Clean trackers,Running-shoe purchase (any),1,-0.0104909511894115,0.0112984130927139,0.000815493488770746,0.00875814924145923
Clean trackers,Running-shoe purchase (any),2,0.00142300695170823,0.0124387337624434,0.000815493488770746,0.00875814924145923
Clean trackers,Running-shoe purchase (any),3,-0.0124509036427849,0.0119584603274983,0.000815493488770746,0.00875814924145923
Clean trackers,Running-shoe purchase (any),4,-0.00987221349757813,0.0116441448427121,0.000815493488770746,0.00875814924145923
Clean trackers,Running-shoe purchase (any),5,0.00248876132546021,0.0132852126576932,0.000815493488770746,0.00875814924145923
Clean trackers,Running-shoe purchase (any),6,0.00261203702551621,0.0125838037241508,0.000815493488770746,0.00875814924145923
Clean trackers,Running-shoe purchase (any),7,0.0136918061221993,0.0159395442487394,0.000815493488770746,0.00875814924145923
Clean trackers,Running-shoe purchase (any),8,-0.00607639331803576,0.0167781222783016,0.000815493488770746,0.00875814924145923
Clean trackers,Fitness-gear purchase (any),-8,-0.0107376692660193,0.0219343764586072,0.00218030734521847,0.0119692229361089
Clean trackers,Fitness-gear purchase (any),-7,-0.0719884790259506,0.016580242800535,0.00218030734521847,0.0119692229361089
Clean trackers,Fitness-gear purchase (any),-6,-0.0321209509171757,0.0184411325012987,0.00218030734521847,0.0119692229361089
Clean trackers,Fitness-gear purchase (any),-5,-0.0329537952923927,0.0182007402955309,0.00218030734521847,0.0119692229361089
Clean trackers,Fitness-gear purchase (any),-4,-0.0300863984852047,0.0168871834366123,0.00218030734521847,0.0119692229361089
Clean trackers,Fitness-gear purchase (any),-3,-0.0307449851894207,0.0165253861281898,0.00218030734521847,0.0119692229361089
Clean trackers,Fitness-gear purchase (any),-2,-0.0033052053643166,0.0162862642090197,0.00218030734521847,0.0119692229361089
Clean trackers,Fitness-gear purchase (any),-1,0,,0.00218030734521847,0.0119692229361089
Clean trackers,Fitness-gear purchase (any),0,0.00667690302282707,0.0159362663767952,0.00218030734521847,0.0119692229361089
Clean trackers,Fitness-gear purchase (any),1,-0.00247886269624034,0.01581168042165,0.00218030734521847,0.0119692229361089
Clean trackers,Fitness-gear purchase (any),2,-0.00654095268325465,0.0165172188604102,0.00218030734521847,0.0119692229361089
Clean trackers,Fitness-gear purchase (any),3,-0.023638655511562,0.0168598381035955,0.00218030734521847,0.0119692229361089
Clean trackers,Fitness-gear purchase (any),4,0.0121623344810443,0.0184151022190113,0.00218030734521847,0.0119692229361089
Clean trackers,Fitness-gear purchase (any),5,-0.0194503224079798,0.0179948717634522,0.00218030734521847,0.0119692229361089
Clean trackers,Fitness-gear purchase (any),6,-0.00719758176840639,0.0177156907674167,0.00218030734521847,0.0119692229361089
Clean trackers,Fitness-gear purchase (any),7,-0.00440805303391243,0.0205174194819518,0.00218030734521847,0.0119692229361089
Clean trackers,Fitness-gear purchase (any),8,0.0183082184455723,0.022991349231064,0.00218030734521847,0.0119692229361089
Clean trackers,Supplement purchase (any),-8,-0.0180429098515886,0.0276064419501394,0.0181569222923514,0.0172963887405762
Clean trackers,Supplement purchase (any),-7,-0.0231258768318766,0.0220166512974243,0.0181569222923514,0.0172963887405762
Clean trackers,Supplement purchase (any),-6,-0.0612086223746335,0.0196837298532054,0.0181569222923514,0.0172963887405762
Clean trackers,Supplement purchase (any),-5,-0.00911143940163411,0.0223591970549451,0.0181569222923514,0.0172963887405762
Clean trackers,Supplement purchase (any),-4,-0.0116273339440493,0.0207995927573499,0.0181569222923514,0.0172963887405762
Clean trackers,Supplement purchase (any),-3,-0.0108273137666016,0.020213052553728,0.0181569222923514,0.0172963887405762
Clean trackers,Supplement purchase (any),-2,-0.0178489627777464,0.0181593816327922,0.0181569222923514,0.0172963887405762
Clean trackers,Supplement purchase (any),-1,0,,0.0181569222923514,0.0172963887405762
Clean trackers,Supplement purchase (any),0,0.0334877465729605,0.0185881804179518,0.0181569222923514,0.0172963887405762
Clean trackers,Supplement purchase (any),1,0.0320115809761316,0.0188360337324901,0.0181569222923514,0.0172963887405762
Clean trackers,Supplement purchase (any),2,0.0389453682495394,0.0199949874572754,0.0181569222923514,0.0172963887405762
Clean trackers,Supplement purchase (any),3,0.0189381570732769,0.0214451564417647,0.0181569222923514,0.0172963887405762
Clean trackers,Supplement purchase (any),4,0.0109963252152942,0.0204835093758417,0.0181569222923514,0.0172963887405762
Clean trackers,Supplement purchase (any),5,0.0268931338185673,0.0216514669298911,0.0181569222923514,0.0172963887405762
Clean trackers,Supplement purchase (any),6,0.00433932587549365,0.0230761927625678,0.0181569222923514,0.0172963887405762
Clean trackers,Supplement purchase (any),7,0.0224956576906155,0.0270633303654329,0.0181569222923514,0.0172963887405762
Clean trackers,Supplement purchase (any),8,0.0106021522979832,0.027364555142637,0.0181569222923514,0.0172963887405762
