L,var,adopters,synthetic,donor_pool
8,share: run_any,0.009005383839822332,0.008703394727726336,0.006376824996565301
8,share: fit_gear,0.003662882780677051,0.0037769826177743125,0.004017864111074838
8,share: supp,0.01675782359476404,0.0181768647936542,0.019159778227215058
8,share: med,0.0060717302214138725,0.005720767093188593,0.005735973827391399
8,share: pet,0.028015675216690007,0.026526388756007158,0.022788982793108547
8,share: book,0.06579789198728832,0.06694725886664162,0.07116389639647855
8,share: giftcard,0.01543643774583095,0.018708592981848828,0.024072701831380584
8,share: cable,0.023692369318911423,0.02364458116007505,0.02309367256931623
8,share: cleaning,0.004175160506804403,0.004434478855601347,0.004105856869888679
8,share: grocery,0.01213947766264969,0.015051293239775415,0.014247542482241648
8,ln spend (pre),8.215992467592237,8.069229740965824,7.499924426622197
8,age,1.8407079646017699,1.9498729700001078,1.8879598662207382
8,inc,2.8849557522123894,2.7198958238964868,2.3211082395864957
8,hh,2.6194690265486726,2.5473460843309494,2.3992474916387914
8,female,0.5132743362831859,0.5335307892691474,0.5309636308465912
8,college,0.7433628318584071,0.7147914947503754,0.6588628762541808
8,white,0.8672566371681416,0.8632113874664787,0.8005852842809371
8,diab,0.08073587338597142,0.09576889542275392,0.125990577373681
8,smoke,0.08982812726136728,0.10397416511246448,0.1269869949425891
8,alc,0.4375392463636862,0.4701978673011062,0.4601386325395396
8,svy_miss,0.008849557522123894,0.005192881353449862,0.01797658862876257
