L,outcome,name,lam,att_sc,se_sc,perm_sd_sc,p_sc,att_aug,se_aug,perm_sd_aug,p_aug,pre_rmse_sc,pre_rmse_aug,e_m1_sc,e_m1_aug
6,run_shoe_d,Running shoe,208.11388300841898,0.013341828879578977,0.007640511606501881,0.0047645082325758325,0.017996400719856028,0.01181675865429811,0.00764179330464806,0.004787532088968234,0.02979404119176165,0.03309631472685367,0.008691102603013671,0.004044615915352293,0.00036210572594899074
6,run_any_d,Running-related (keyword),91.45284707521047,0.03861508057702256,0.012693307747115664,0.009095004727649108,0.0003999200159968006,0.03113693854532105,0.01258376068186997,0.009099290858944144,0.0005998800239952009,0.05304734320256719,0.006541942834148644,0.015228422780191824,0.0009137412403116212
6,fit_gear_d,Fitness gear,100.0,0.01934965802166221,0.009994030265702059,0.007617452146902353,0.016796640671865627,0.01487591388837758,0.009967399490770067,0.00764496906564343,0.05298940211957608,0.03898205996855532,0.0053127664836925634,0.00536966132282844,0.00022522089552256974
6,supp_d,Supplements,100.0,0.05024850951555036,0.01740431026516623,0.013336344934850126,0.0005998800239952009,0.043094446922192164,0.017273895046047705,0.013388054124098641,0.0033993201359728054,0.07548245330111199,0.014164897887084858,0.009027001405278701,4.673787655000556e-05
6,med_d,Medication,100.0,-0.00743910542872391,0.013084748335752093,0.011343045295038592,0.6134773045390922,-0.014519155505558982,0.013078008850822212,0.011402787878768412,0.2569486102779444,0.0444538457474044,0.007073092100060141,0.011881827191256557,0.0008235680081135878
6,pet_d,PLACEBO: pet,100.0,0.019685290014101478,0.015182698139493123,0.013792199386314857,0.15376924615076984,0.01165857934597802,0.014928198704582993,0.013864506103105802,0.4189162167566487,0.0729117844007956,0.015293969971860845,0.017566348162672104,0.0018376707688006649
6,book_d,PLACEBO: books,65.8113883008419,0.039619137746700554,0.015959605565230885,0.013903072753059383,0.005598880223955209,0.031503674916170385,0.015794399267162258,0.013972760949516777,0.033993201359728054,0.10420213511790805,0.013574897485303258,0.014463545098751323,0.00023812987254267335
6,grocery_d,PLACEBO: grocery/food,100.0,0.009876623023955311,0.016838364274492208,0.013391720888999727,0.5302939412117577,0.0034287498056847525,0.016650038329607965,0.013399317467970363,0.8126374725054989,0.05666027689894049,0.009975938686250829,-0.00016355899219413684,-0.0013138461853621373
6,ln_n,General: ln(1+#purchases),31.622776601683793,0.20461001635157533,0.039660147015158194,0.038713562110498236,0.0001999600079984003,0.16606015272639585,0.03881559682334849,0.03881349499470674,0.0003999200159968006,0.2692510013333274,0.03142023544809355,0.10549693910068843,0.008027317354096621
