L,kind,outcome,name,post_att,post_se,n_units,pre_rmse,pre_rms_level
6,adopters,run_shoe_d,Running shoe,0.013341828879578977,0.007640511606501881,242,0.007159358033449848,0.07973868535430984
6,placebo,run_shoe_d,Running shoe,-0.008613062995084372,0.004727700032312982,242,0.004542257774656397,0.04390285169540673
6,adopters,run_any_d,Running-related (keyword),0.03861508057702256,0.012693307747115664,242,0.029600416064540915,0.2530953230801341
6,placebo,run_any_d,Running-related (keyword),0.00027185103938953545,0.010815277292755247,242,0.019866878407348035,0.1374928864257535
6,adopters,fit_gear_d,Fitness gear,0.019349658021662212,0.009994030265702059,242,0.017179964942057785,0.17382756994656634
6,placebo,fit_gear_d,Fitness gear,0.009612527676258541,0.008784604110458834,242,0.013400814650692696,0.12629207147241378
6,adopters,supp_d,Supplements,0.05024850951555037,0.01740431026516623,242,0.052835492678633814,0.36522425869852343
6,placebo,supp_d,Supplements,-0.026997769935958156,0.014549130409714138,242,0.045679359734586415,0.25632712635547683
6,adopters,med_d,Medication,-0.0074391054287239085,0.013084748335752093,242,0.023238717593952924,0.21225393110392496
6,placebo,med_d,Medication,0.005541041300553996,0.013566559477633999,242,0.02085386811287827,0.1479054202606439
6,adopters,pet_d,PLACEBO: pet,0.019685290014101485,0.015182698139493122,242,0.047573237690694554,0.3781656143223129
6,placebo,pet_d,PLACEBO: pet,-0.004567531635135877,0.01761736924431076,242,0.04289470364115835,0.274760983858767
6,adopters,book_d,PLACEBO: books,0.039619137746700554,0.015959605565230885,242,0.08684800163238637,0.5697544005386066
6,placebo,book_d,PLACEBO: books,0.015143517927967242,0.01586480398201975,242,0.09200457735847846,0.49762396462107583
6,adopters,grocery_d,PLACEBO: grocery/food,0.009876623023955308,0.016838364274492208,242,0.03458107699644098,0.27364477520934805
6,placebo,grocery_d,PLACEBO: grocery/food,0.019782521453376303,0.016768074751366414,242,0.02979302177525218,0.20617688260870148
6,adopters,ln_n,General: ln(1+#purchases),0.20461001635157533,0.039660147015158194,242,0.22990319224420372,3.016493476035841
6,placebo,ln_n,General: ln(1+#purchases),0.00827664956942781,0.043079399493326176,242,0.25771154784462985,2.4297949557728433
