L,outcome,name,att,perm_mean,perm_sd,p_two_sided,p_one_sided
8,run_shoe_d,Running shoe,0.016212964325571063,0.004395435470344325,0.0074741866399961575,0.060787842431513694,0.0593881223755249
8,run_any_d,Running-related (keyword),0.046384262048783355,0.0047452545695618725,0.013507508951314473,0.001799640071985603,0.001799640071985603
8,fit_gear_d,Fitness gear,0.01482360328113351,0.004641731304997796,0.010704962766414949,0.20255948810237953,0.1739652069586083
8,supp_d,Supplements,0.06584452048304235,-0.000717779354684129,0.01939831545003416,0.0005998800239952009,0.0003999200159968006
8,med_d,Medication,0.033934796637830576,0.010840440884922796,0.01636678131655204,0.08178364327134573,0.07838432313537293
8,pet_d,PLACEBO: pet,0.03536049162798234,0.0026501620883981752,0.020989758807315365,0.09578084383123375,0.060187962407518496
8,book_d,PLACEBO: books,0.0421557538618988,-0.004894322781162022,0.019526121657786635,0.03739252149570086,0.008398320335932814
8,grocery_d,PLACEBO: grocery/food,0.040409980726472304,0.01039696366823702,0.020507472735149287,0.07598480303939212,0.07098580283943211
8,ln_n,General: ln(1+#purchases),0.264120689553466,-0.01602637458931444,0.058727134928413964,0.0001999600079984003,0.0001999600079984003
