L,method,kind,outcome,name,e,att,se
8,sc,adopters,run_shoe_d,Running shoe,-8,0.010042599023684692,0.005003383700366807
8,sc,placebo,run_shoe_d,Running shoe,-8,0.001615552528330782,0.0027633077618236185
8,sc,adopters,run_shoe_d,Running shoe,-7,0.000803756893616777,0.005043274199093226
8,sc,placebo,run_shoe_d,Running shoe,-7,0.0023944240112758024,0.0029834908778819495
8,sc,adopters,run_shoe_d,Running shoe,-6,0.005441848344657368,0.004440285896452799
8,sc,placebo,run_shoe_d,Running shoe,-6,0.003701334006785968,0.003620179594412035
8,sc,adopters,run_shoe_d,Running shoe,-5,0.00364498822751462,0.004677460672517008
8,sc,placebo,run_shoe_d,Running shoe,-5,0.002898039425457592,0.003413793017010932
8,sc,adopters,run_shoe_d,Running shoe,-4,-0.0015469996217260735,0.0015531325222611365
8,sc,placebo,run_shoe_d,Running shoe,-4,0.0023935657778373183,0.003062390943391216
8,sc,adopters,run_shoe_d,Running shoe,-3,0.0040340136004998394,0.003216782740937653
8,sc,placebo,run_shoe_d,Running shoe,-3,0.0021996421222532205,0.0030964636245335874
8,sc,adopters,run_shoe_d,Running shoe,-2,0.009563556624670807,0.006834036253077824
8,sc,placebo,run_shoe_d,Running shoe,-2,0.0005255646423256353,0.0030213583057695638
8,sc,adopters,run_shoe_d,Running shoe,-1,0.011908658603944607,0.007883556025954128
8,sc,placebo,run_shoe_d,Running shoe,-1,0.0018033726254575988,0.002953644812952007
8,sc,adopters,run_shoe_d,Running shoe,0,0.050902733393263816,0.027322678639158476
8,sc,placebo,run_shoe_d,Running shoe,0,0.003644265770675921,0.01606655911830555
8,sc,adopters,run_shoe_d,Running shoe,1,0.034834996433534986,0.02483144743117813
8,sc,placebo,run_shoe_d,Running shoe,1,0.0009081286879451981,0.016003047953733012
8,sc,adopters,run_shoe_d,Running shoe,2,0.000938363023344918,0.02379454533911475
8,sc,placebo,run_shoe_d,Running shoe,2,0.005650108531450584,0.016166749839341497
8,sc,adopters,run_shoe_d,Running shoe,3,0.009405622938780805,0.02340347090282017
8,sc,placebo,run_shoe_d,Running shoe,3,0.005976719775991663,0.01694066794257889
8,sc,adopters,run_shoe_d,Running shoe,4,0.00785158044362268,0.02281368544821214
8,sc,placebo,run_shoe_d,Running shoe,4,-0.0015379888713146369,0.016347631426005284
8,sc,adopters,run_shoe_d,Running shoe,5,-0.0013293813850622867,0.02128835119451009
8,sc,placebo,run_shoe_d,Running shoe,5,0.005378675411457955,0.016382395467614674
8,sc,adopters,run_shoe_d,Running shoe,6,0.026136310449001096,0.024645043597880358
8,sc,placebo,run_shoe_d,Running shoe,6,0.009581215448161746,0.01622931745443657
8,sc,adopters,run_shoe_d,Running shoe,7,0.04556655535119673,0.031128376362440296
8,sc,placebo,run_shoe_d,Running shoe,7,0.0024103957005850826,0.016292015458915194
8,sc,adopters,run_shoe_d,Running shoe,8,0.006299667350149564,0.02323766208515188
8,sc,placebo,run_shoe_d,Running shoe,8,0.006873876723748803,0.017837846085127278
8,aug,adopters,run_shoe_d,Running shoe,-8,0.001229592967325238,0.0007776060844418413
8,aug,placebo,run_shoe_d,Running shoe,-8,0.0001468983318660982,0.00046120820472725805
8,aug,adopters,run_shoe_d,Running shoe,-7,-0.0002540506929865934,0.0008133921318089941
8,aug,placebo,run_shoe_d,Running shoe,-7,0.0002607000708286039,0.0004897443671696897
8,aug,adopters,run_shoe_d,Running shoe,-6,0.0004802894339875514,0.0006650830494344114
8,aug,placebo,run_shoe_d,Running shoe,-6,0.0004898992294629797,0.0005789949161752271
8,aug,adopters,run_shoe_d,Running shoe,-5,0.0002147950539653277,0.0008064988571832834
8,aug,placebo,run_shoe_d,Running shoe,-5,0.0003898105093267304,0.0005514482541436904
8,aug,adopters,run_shoe_d,Running shoe,-4,-0.0008045628050685979,0.00037424911570959344
8,aug,placebo,run_shoe_d,Running shoe,-4,0.0002953463051876929,0.000508857332995225
8,aug,adopters,run_shoe_d,Running shoe,-3,0.00027135098796453745,0.0005291315342089913
8,aug,placebo,run_shoe_d,Running shoe,-3,0.0002726518534626443,0.0005097659263144158
8,aug,adopters,run_shoe_d,Running shoe,-2,0.0011564094424971398,0.0011592320314993219
8,aug,placebo,run_shoe_d,Running shoe,-2,-1.449206696409926e-05,0.0005042754691462962
8,aug,adopters,run_shoe_d,Running shoe,-1,0.0015628860570759795,0.001232262631466688
8,aug,placebo,run_shoe_d,Running shoe,-1,0.00022922344102898034,0.0004921809398451227
8,aug,adopters,run_shoe_d,Running shoe,0,0.04949090483017672,0.027472710191357635
8,aug,placebo,run_shoe_d,Running shoe,0,0.0030745688563554746,0.016116975749819254
8,aug,adopters,run_shoe_d,Running shoe,1,0.031402466341409724,0.025022940685415947
8,aug,placebo,run_shoe_d,Running shoe,1,0.0001359382454674406,0.016015306697722928
8,aug,adopters,run_shoe_d,Running shoe,2,-0.0023480033999414896,0.02384050718042698
8,aug,placebo,run_shoe_d,Running shoe,2,0.004726871098050546,0.01611540560891812
8,aug,adopters,run_shoe_d,Running shoe,3,0.005600396164594622,0.023287618226943942
8,aug,placebo,run_shoe_d,Running shoe,3,0.00489038993594275,0.016943059553189074
8,aug,adopters,run_shoe_d,Running shoe,4,0.004076350149586782,0.022874247908184226
8,aug,placebo,run_shoe_d,Running shoe,4,-0.0026498861959641084,0.016407604704445727
8,aug,adopters,run_shoe_d,Running shoe,5,-0.004854585462094955,0.021416568627967238
8,aug,placebo,run_shoe_d,Running shoe,5,0.004463238192073373,0.01643536879590584
8,aug,adopters,run_shoe_d,Running shoe,6,0.022692413710306076,0.024409210115255913
8,aug,placebo,run_shoe_d,Running shoe,6,0.008868656129165153,0.016253238638938648
8,aug,adopters,run_shoe_d,Running shoe,7,0.04233037316391729,0.03115695880957284
8,aug,placebo,run_shoe_d,Running shoe,7,0.001398342966446474,0.016316977197502303
8,aug,adopters,run_shoe_d,Running shoe,8,0.0024043174920936284,0.02313550952065348
8,aug,placebo,run_shoe_d,Running shoe,8,0.005899365852049185,0.017862522017401336
8,sc,adopters,run_any_d,Running-related (keyword),-8,0.02708949413817192,0.009232327698871924
8,sc,placebo,run_any_d,Running-related (keyword),-8,0.005537846179590951,0.004558747114720597
8,sc,adopters,run_any_d,Running-related (keyword),-7,0.007576771844454269,0.005934457510255469
8,sc,placebo,run_any_d,Running-related (keyword),-7,0.004599113877949911,0.004441033846453292
8,sc,adopters,run_any_d,Running-related (keyword),-6,0.016455747307810215,0.006918121338695982
8,sc,placebo,run_any_d,Running-related (keyword),-6,0.005035049366309542,0.004680125733923608
8,sc,adopters,run_any_d,Running-related (keyword),-5,-0.0002429837465030587,0.006496537996743793
8,sc,placebo,run_any_d,Running-related (keyword),-5,0.00437790972419794,0.004670308862905498
8,sc,adopters,run_any_d,Running-related (keyword),-4,0.0011950055303630235,0.008053899184459909
8,sc,placebo,run_any_d,Running-related (keyword),-4,0.004228275621681564,0.0045889828687851325
8,sc,adopters,run_any_d,Running-related (keyword),-3,0.003955590437812857,0.0071967038753494314
8,sc,placebo,run_any_d,Running-related (keyword),-3,0.0047327191570691665,0.00464319795047874
8,sc,adopters,run_any_d,Running-related (keyword),-2,0.01426412466957738,0.007980115842223393
8,sc,placebo,run_any_d,Running-related (keyword),-2,0.004502847588047907,0.005049990476279046
8,sc,adopters,run_any_d,Running-related (keyword),-1,0.02424277167967937,0.007929605456729244
8,sc,placebo,run_any_d,Running-related (keyword),-1,0.004379610681015663,0.005453590246335331
8,sc,adopters,run_any_d,Running-related (keyword),0,0.10446353975384885,0.04254595987806072
8,sc,placebo,run_any_d,Running-related (keyword),0,0.014224697399511193,0.028767611879561828
8,sc,adopters,run_any_d,Running-related (keyword),1,0.07472595602141646,0.04013994045498382
8,sc,placebo,run_any_d,Running-related (keyword),1,-0.003959566131699104,0.029610850313597323
8,sc,adopters,run_any_d,Running-related (keyword),2,0.08468146422814073,0.043365842692275294
8,sc,placebo,run_any_d,Running-related (keyword),2,0.008150798649655561,0.030700103445578154
8,sc,adopters,run_any_d,Running-related (keyword),3,0.05113641693598474,0.03598006900534052
8,sc,placebo,run_any_d,Running-related (keyword),3,0.0014963382203148068,0.032193052793723524
8,sc,adopters,run_any_d,Running-related (keyword),4,0.029264124880962947,0.04362933027547166
8,sc,placebo,run_any_d,Running-related (keyword),4,0.0059601107912731245,0.03144348030610997
8,sc,adopters,run_any_d,Running-related (keyword),5,0.013793762200725283,0.041058031202065755
8,sc,placebo,run_any_d,Running-related (keyword),5,0.004428848609876704,0.032180657318217364
8,sc,adopters,run_any_d,Running-related (keyword),6,0.016084016974292736,0.041287372457628646
8,sc,placebo,run_any_d,Running-related (keyword),6,0.01384514194251792,0.03265431823677213
8,sc,adopters,run_any_d,Running-related (keyword),7,0.08394342842413252,0.04193818596057855
8,sc,placebo,run_any_d,Running-related (keyword),7,0.006870432669092326,0.03333789205783204
8,sc,adopters,run_any_d,Running-related (keyword),8,0.01744492672461137,0.043038069126960274
8,sc,placebo,run_any_d,Running-related (keyword),8,0.0008472517601522817,0.03337609069961547
8,aug,adopters,run_any_d,Running-related (keyword),-8,0.002089618873495509,0.0009011157158839839
8,aug,placebo,run_any_d,Running-related (keyword),-8,0.00038100217667415693,0.0006430401568249086
8,aug,adopters,run_any_d,Running-related (keyword),-7,0.00018696165404249424,0.0006682296119017354
8,aug,placebo,run_any_d,Running-related (keyword),-7,0.0003052261461399683,0.0006697513020099246
8,aug,adopters,run_any_d,Running-related (keyword),-6,0.0012346111233252246,0.0007743281025096184
8,aug,placebo,run_any_d,Running-related (keyword),-6,0.00035752883182203884,0.0006927445407902943
8,aug,adopters,run_any_d,Running-related (keyword),-5,-0.0005456712736545976,0.0006450728012899332
8,aug,placebo,run_any_d,Running-related (keyword),-5,0.00027086530254954544,0.000691173582251417
8,aug,adopters,run_any_d,Running-related (keyword),-4,-0.0003417356850362281,0.001008865276985292
8,aug,placebo,run_any_d,Running-related (keyword),-4,0.00019786088347562998,0.0006820823186327067
8,aug,adopters,run_any_d,Running-related (keyword),-3,0.00020519464373062524,0.0009438790749695517
8,aug,placebo,run_any_d,Running-related (keyword),-3,0.0002551732111597001,0.0007319202589742903
8,aug,adopters,run_any_d,Running-related (keyword),-2,0.00035542332569027976,0.0009384433305420643
8,aug,placebo,run_any_d,Running-related (keyword),-2,0.00026337836739689414,0.0007170848490119637
8,aug,adopters,run_any_d,Running-related (keyword),-1,0.0016836134884328998,0.0008782361893321406
8,aug,placebo,run_any_d,Running-related (keyword),-1,0.00034707818814699084,0.0007954734232890477
8,aug,adopters,run_any_d,Running-related (keyword),0,0.0964217542559202,0.04265499192722315
8,aug,placebo,run_any_d,Running-related (keyword),0,0.012260083742414338,0.028724119718701487
8,aug,adopters,run_any_d,Running-related (keyword),1,0.06500018598790916,0.04011526868967339
8,aug,placebo,run_any_d,Running-related (keyword),1,-0.005950962204335558,0.02956899360141816
8,aug,adopters,run_any_d,Running-related (keyword),2,0.07507912076550423,0.043148227301779175
8,aug,placebo,run_any_d,Running-related (keyword),2,0.0061246023200159875,0.030670941998411593
8,aug,adopters,run_any_d,Running-related (keyword),3,0.039079950199456905,0.035574332786422524
8,aug,placebo,run_any_d,Running-related (keyword),3,-0.0015510455122801528,0.0321871796477641
8,aug,adopters,run_any_d,Running-related (keyword),4,0.017341589826712935,0.04322147914976884
8,aug,placebo,run_any_d,Running-related (keyword),4,0.003005360349348199,0.03148206344067573
8,aug,adopters,run_any_d,Running-related (keyword),5,0.0029902077910159176,0.0409611587790571
8,aug,placebo,run_any_d,Running-related (keyword),5,0.001956329099956571,0.03224884712365119
8,aug,adopters,run_any_d,Running-related (keyword),6,0.004705173819509936,0.04126158343782603
8,aug,placebo,run_any_d,Running-related (keyword),6,0.01170002706778087,0.032695054656279345
8,aug,adopters,run_any_d,Running-related (keyword),7,0.07495477611433868,0.04192570863555007
8,aug,placebo,run_any_d,Running-related (keyword),7,0.004898615107399992,0.03333636479867251
8,aug,adopters,run_any_d,Running-related (keyword),8,0.007318389342472471,0.04327883906387128
8,aug,placebo,run_any_d,Running-related (keyword),8,-0.0007613026936364544,0.03341281709935443
8,sc,adopters,fit_gear_d,Fitness gear,-8,0.002304871546063706,0.00515568608700606
8,sc,placebo,fit_gear_d,Fitness gear,-8,0.0038330846072484634,0.0038766340168055126
8,sc,adopters,fit_gear_d,Fitness gear,-7,0.005817556203790559,0.004482291440047056
8,sc,placebo,fit_gear_d,Fitness gear,-7,0.0036276047787204392,0.003697357805641868
8,sc,adopters,fit_gear_d,Fitness gear,-6,0.009335556872708456,0.005203732264084753
8,sc,placebo,fit_gear_d,Fitness gear,-6,0.0034090051717280525,0.0037649502573006534
8,sc,adopters,fit_gear_d,Fitness gear,-5,-0.001101895520270847,0.0024509771278468837
8,sc,placebo,fit_gear_d,Fitness gear,-5,0.004108362333906936,0.003885517373043553
8,sc,adopters,fit_gear_d,Fitness gear,-4,0.007607605418548006,0.007536015508334908
8,sc,placebo,fit_gear_d,Fitness gear,-4,0.004293887592684627,0.0041414106410222395
8,sc,adopters,fit_gear_d,Fitness gear,-3,0.0036204882163508078,0.003920384912769625
8,sc,placebo,fit_gear_d,Fitness gear,-3,0.003946995985109902,0.004439341863447251
8,sc,adopters,fit_gear_d,Fitness gear,-2,0.007984526146919928,0.004196285092908531
8,sc,placebo,fit_gear_d,Fitness gear,-2,0.006478512595947679,0.004753977274672061
8,sc,adopters,fit_gear_d,Fitness gear,-1,0.012267701947060576,0.005848200181977371
8,sc,placebo,fit_gear_d,Fitness gear,-1,0.005132744762975284,0.004597060172341064
8,sc,adopters,fit_gear_d,Fitness gear,0,0.04117477172712191,0.03360526639464728
8,sc,placebo,fit_gear_d,Fitness gear,0,0.006203267728511276,0.024487441592102525
8,sc,adopters,fit_gear_d,Fitness gear,1,0.06342711945866433,0.03312163200604821
8,sc,placebo,fit_gear_d,Fitness gear,1,-0.0012347073919050109,0.024796552469333353
8,sc,adopters,fit_gear_d,Fitness gear,2,-0.026079403026219996,0.02866024793835353
8,sc,placebo,fit_gear_d,Fitness gear,2,-0.0009684701175494094,0.024765264142631287
8,sc,adopters,fit_gear_d,Fitness gear,3,0.00459439589575858,0.026768775486520582
8,sc,placebo,fit_gear_d,Fitness gear,3,-0.0020941767411495737,0.025203877471991685
8,sc,adopters,fit_gear_d,Fitness gear,4,-0.010275555723903082,0.0327667786472902
8,sc,placebo,fit_gear_d,Fitness gear,4,0.005301013554910082,0.02572896029457884
8,sc,adopters,fit_gear_d,Fitness gear,5,0.022497487168752668,0.03088788925604569
8,sc,placebo,fit_gear_d,Fitness gear,5,0.00576416159174295,0.026577209191077058
8,sc,adopters,fit_gear_d,Fitness gear,6,-0.008940425944768427,0.0315331992885251
8,sc,placebo,fit_gear_d,Fitness gear,6,0.015224416170793061,0.027179112024123472
8,sc,adopters,fit_gear_d,Fitness gear,7,0.009291030638712216,0.028372548098248025
8,sc,placebo,fit_gear_d,Fitness gear,7,0.0077667793475401075,0.02692217429416448
8,sc,adopters,fit_gear_d,Fitness gear,8,0.06407417778207178,0.0358145194166765
8,sc,placebo,fit_gear_d,Fitness gear,8,0.007953000832460757,0.026386197264168774
8,aug,adopters,fit_gear_d,Fitness gear,-8,0.000340096050431895,0.0009179149688226669
8,aug,placebo,fit_gear_d,Fitness gear,-8,0.000400384530051617,0.0006630995958001168
8,aug,adopters,fit_gear_d,Fitness gear,-7,0.0006968421767302744,0.0006869796311471982
8,aug,placebo,fit_gear_d,Fitness gear,-7,0.0003860548474940314,0.0006265872248275269
8,aug,adopters,fit_gear_d,Fitness gear,-6,0.0013510561480017957,0.0008110700453983534
8,aug,placebo,fit_gear_d,Fitness gear,-6,0.00034570759180797085,0.0006289109046738929
8,aug,adopters,fit_gear_d,Fitness gear,-5,-0.0004027513028406868,0.00042952683051790337
8,aug,placebo,fit_gear_d,Fitness gear,-5,0.0004566541121934927,0.000647071251154514
8,aug,adopters,fit_gear_d,Fitness gear,-4,0.001031899207078524,0.0012127186594288572
8,aug,placebo,fit_gear_d,Fitness gear,-4,0.0004824147330407432,0.0006885328615757594
8,aug,adopters,fit_gear_d,Fitness gear,-3,0.0002978655207906778,0.0007104982329172914
8,aug,placebo,fit_gear_d,Fitness gear,-3,0.0004393211634937184,0.0007447028176403014
8,aug,adopters,fit_gear_d,Fitness gear,-2,0.0009013220949827181,0.0007091370962079516
8,aug,placebo,fit_gear_d,Fitness gear,-2,0.0008344141545984229,0.000772834495821635
8,aug,adopters,fit_gear_d,Fitness gear,-1,0.0014661631235033414,0.0009440994617726092
8,aug,placebo,fit_gear_d,Fitness gear,-1,0.0006964557811393553,0.0007683918597963181
8,aug,adopters,fit_gear_d,Fitness gear,0,0.034862627521652235,0.03358202066138599
8,aug,placebo,fit_gear_d,Fitness gear,0,0.004466498264919362,0.024442486813536262
8,aug,adopters,fit_gear_d,Fitness gear,1,0.059081414963450256,0.033058294468119746
8,aug,placebo,fit_gear_d,Fitness gear,1,-0.0027802932997518957,0.024774069572419937
8,aug,adopters,fit_gear_d,Fitness gear,2,-0.03185375228094724,0.02865022020185144
8,aug,placebo,fit_gear_d,Fitness gear,2,-0.0027691121522774535,0.024784908640361814
8,aug,adopters,fit_gear_d,Fitness gear,3,-0.0026373339375205503,0.02678548616003188
8,aug,placebo,fit_gear_d,Fitness gear,3,-0.0042146747276921364,0.025253525307730017
8,aug,adopters,fit_gear_d,Fitness gear,4,-0.015630664028205524,0.03277235211334068
8,aug,placebo,fit_gear_d,Fitness gear,4,0.0035193302162352773,0.025806074494783626
8,aug,adopters,fit_gear_d,Fitness gear,5,0.01676931432025266,0.030625394614194234
8,aug,placebo,fit_gear_d,Fitness gear,5,0.004293947729411983,0.026639540843082638
8,aug,adopters,fit_gear_d,Fitness gear,6,-0.014417701118690575,0.03161978350347306
8,aug,placebo,fit_gear_d,Fitness gear,6,0.014003502934721867,0.027220882062971175
8,aug,adopters,fit_gear_d,Fitness gear,7,0.0044424729952697,0.028451333439976044
8,aug,placebo,fit_gear_d,Fitness gear,7,0.0058209141153005,0.026975185268625353
8,aug,adopters,fit_gear_d,Fitness gear,8,0.05851948924272451,0.03585096575807114
8,aug,placebo,fit_gear_d,Fitness gear,8,0.006370107679163368,0.02639481238966069
8,sc,adopters,supp_d,Supplements,-8,0.010293594943095723,0.008137552621678793
8,sc,placebo,supp_d,Supplements,-8,0.00910881299407922,0.008304165282096656
8,sc,adopters,supp_d,Supplements,-7,-0.006205494643362547,0.009700562948610821
8,sc,placebo,supp_d,Supplements,-7,0.00838119571140078,0.008241279785262278
8,sc,adopters,supp_d,Supplements,-6,0.012356372992095589,0.008041698780033659
8,sc,placebo,supp_d,Supplements,-6,0.007797034501844841,0.008255738544738453
8,sc,adopters,supp_d,Supplements,-5,0.021649817586571477,0.011024949769406853
8,sc,placebo,supp_d,Supplements,-5,0.007177637861999486,0.007965250016513041
8,sc,adopters,supp_d,Supplements,-4,-0.0024842144748428918,0.008713067913759445
8,sc,placebo,supp_d,Supplements,-4,0.005903270725300382,0.008068558326125975
8,sc,adopters,supp_d,Supplements,-3,0.01285514830417584,0.010130962101187104
8,sc,placebo,supp_d,Supplements,-3,0.00536137664547876,0.008475498943700437
8,sc,adopters,supp_d,Supplements,-2,-0.007788783541544202,0.009560476765805346
8,sc,placebo,supp_d,Supplements,-2,0.005100644368021316,0.009221962569058623
8,sc,adopters,supp_d,Supplements,-1,0.007657755770229046,0.011122947230260968
8,sc,placebo,supp_d,Supplements,-1,0.0062823893737378655,0.009792870955329177
8,sc,adopters,supp_d,Supplements,0,0.0761484818433784,0.04023384443661642
8,sc,placebo,supp_d,Supplements,0,-3.9123378268498404e-05,0.033696548025600064
8,sc,adopters,supp_d,Supplements,1,0.07418929259088178,0.04361338993116259
8,sc,placebo,supp_d,Supplements,1,-0.004980494686368015,0.03548987078889877
8,sc,adopters,supp_d,Supplements,2,0.07922179345044277,0.04034883100159525
8,sc,placebo,supp_d,Supplements,2,-0.0031844377538557973,0.035501258529453246
8,sc,adopters,supp_d,Supplements,3,0.09920052398170437,0.04295882944896802
8,sc,placebo,supp_d,Supplements,3,-0.017306146758121484,0.035900780612400755
8,sc,adopters,supp_d,Supplements,4,-0.028172719571568052,0.03755895372551459
8,sc,placebo,supp_d,Supplements,4,-0.0041288475238354634,0.03658516219135294
8,sc,adopters,supp_d,Supplements,5,0.10788330167652407,0.04391540786690454
8,sc,placebo,supp_d,Supplements,5,-0.004440105995978287,0.03673184694486367
8,sc,adopters,supp_d,Supplements,6,0.051820793195606674,0.04445005539603849
8,sc,placebo,supp_d,Supplements,6,0.001636562779486421,0.037503272900859815
8,sc,adopters,supp_d,Supplements,7,0.056509098585579405,0.045665468462963064
8,sc,placebo,supp_d,Supplements,7,0.014325585034887785,0.03844782582206452
8,sc,adopters,supp_d,Supplements,8,0.08610407995516767,0.04610442946415752
8,sc,placebo,supp_d,Supplements,8,0.014402272865484704,0.03889761352894284
8,aug,adopters,supp_d,Supplements,-8,0.0017733253729009409,0.001465951556986733
8,aug,placebo,supp_d,Supplements,-8,0.0008225871648574619,0.0016429759746004811
8,aug,adopters,supp_d,Supplements,-7,-0.0024152874171137844,0.0018328711562425747
8,aug,placebo,supp_d,Supplements,-7,0.0005645968623212603,0.0016940650164812443
8,aug,adopters,supp_d,Supplements,-6,0.0011419132730238412,0.0012506462675618854
8,aug,placebo,supp_d,Supplements,-6,0.0005065450359188015,0.0017461983396240535
8,aug,adopters,supp_d,Supplements,-5,0.0028663013324498102,0.0019836939997055
8,aug,placebo,supp_d,Supplements,-5,0.0004633766048050392,0.0016748756868518323
8,aug,adopters,supp_d,Supplements,-4,-0.0013232813147619116,0.001487909722070402
8,aug,placebo,supp_d,Supplements,-4,0.0004137779391862846,0.0016601408988986411
8,aug,adopters,supp_d,Supplements,-3,0.001879683283212688,0.0016166166174743253
8,aug,placebo,supp_d,Supplements,-3,0.0002878967376913949,0.001704648189687259
8,aug,adopters,supp_d,Supplements,-2,-7.605010665808466e-05,0.001679325176995138
8,aug,placebo,supp_d,Supplements,-2,6.951597052689564e-06,0.0018907842605626155
8,aug,adopters,supp_d,Supplements,-1,-0.0012676471726160204,0.001824981674725088
8,aug,placebo,supp_d,Supplements,-1,0.0005078790557482689,0.0019443182139888852
8,aug,adopters,supp_d,Supplements,0,0.06852808076493083,0.04006061383093292
8,aug,placebo,supp_d,Supplements,0,-0.004391400833463309,0.03368377796630075
8,aug,adopters,supp_d,Supplements,1,0.06499043296188654,0.04310812412607899
8,aug,placebo,supp_d,Supplements,1,-0.009461866416861392,0.035454089683945325
8,aug,adopters,supp_d,Supplements,2,0.07203396408456604,0.03991587027647617
8,aug,placebo,supp_d,Supplements,2,-0.0072043222565089686,0.03554745139130754
8,aug,adopters,supp_d,Supplements,3,0.09277280044448667,0.04255175844335838
8,aug,placebo,supp_d,Supplements,3,-0.021453294921230347,0.035863687112219426
8,aug,adopters,supp_d,Supplements,4,-0.03649699426004472,0.03768848772649429
8,aug,placebo,supp_d,Supplements,4,-0.008097533094559487,0.03659712370550346
8,aug,adopters,supp_d,Supplements,5,0.09952610344545446,0.043789461325669514
8,aug,placebo,supp_d,Supplements,5,-0.0074894694426469455,0.03679314597603447
8,aug,adopters,supp_d,Supplements,6,0.04442361464802709,0.04455372843513936
8,aug,placebo,supp_d,Supplements,6,-0.0013606402294292332,0.03762892403244409
8,aug,adopters,supp_d,Supplements,7,0.047245798679217285,0.04564638034925686
8,aug,placebo,supp_d,Supplements,7,0.011787099857115537,0.03853439628068026
8,aug,adopters,supp_d,Supplements,8,0.07839613116843754,0.0458405190727856
8,aug,placebo,supp_d,Supplements,8,0.011485542793669205,0.038970754865764325
8,sc,adopters,med_d,Medication,-8,0.00366563714539474,0.004879367053828645
8,sc,placebo,med_d,Medication,-8,0.0028156211651804634,0.004159236425519857
8,sc,adopters,med_d,Medication,-7,0.003741739543364419,0.004680366854387198
8,sc,placebo,med_d,Medication,-7,0.00354678827506131,0.004173419569109525
8,sc,adopters,med_d,Medication,-6,0.009500894409424305,0.0049145777787982904
8,sc,placebo,med_d,Medication,-6,0.002476862311406876,0.005000898050371302
8,sc,adopters,med_d,Medication,-5,0.0018409509451930732,0.004734388414606133
8,sc,placebo,med_d,Medication,-5,0.0031981958367924045,0.004711257470699931
8,sc,adopters,med_d,Medication,-4,-0.0017916350166076102,0.005487814230028824
8,sc,placebo,med_d,Medication,-4,0.0037783514965963544,0.004800551999253232
8,sc,adopters,med_d,Medication,-3,0.0003061032023875151,0.006206550727633175
8,sc,placebo,med_d,Medication,-3,0.005370945076229613,0.0053681317073918785
8,sc,adopters,med_d,Medication,-2,-0.000734855141363084,0.006686571829932986
8,sc,placebo,med_d,Medication,-2,0.004861839636165728,0.006195407434559863
8,sc,adopters,med_d,Medication,-1,0.019329941113710444,0.007621990784372613
8,sc,placebo,med_d,Medication,-1,0.009105568236612838,0.007011295104603469
8,sc,adopters,med_d,Medication,0,0.039819522346486155,0.034644757602201585
8,sc,placebo,med_d,Medication,0,0.0027799349407962156,0.029838719810776047
8,sc,adopters,med_d,Medication,1,-0.01281801994576874,0.036928000328060415
8,sc,placebo,med_d,Medication,1,0.016351849938257453,0.03105508222282788
8,sc,adopters,med_d,Medication,2,-0.03707802543076798,0.03163700917615686
8,sc,placebo,med_d,Medication,2,0.012185821235241735,0.031878803708605505
8,sc,adopters,med_d,Medication,3,0.04480127976242551,0.037053134277419485
8,sc,placebo,med_d,Medication,3,0.015942625361802965,0.03178598821802688
8,sc,adopters,med_d,Medication,4,0.003454078036012523,0.03457241747863326
8,sc,placebo,med_d,Medication,4,0.014317894039532535,0.03306921010461795
8,sc,adopters,med_d,Medication,5,0.09608413962406329,0.041327079685767695
8,sc,placebo,med_d,Medication,5,0.011038894886959048,0.033264322227250426
8,sc,adopters,med_d,Medication,6,-0.010806885550973753,0.03898582196163242
8,sc,placebo,med_d,Medication,6,0.004152914901012193,0.033436175539247465
8,sc,adopters,med_d,Medication,7,0.11920776250318037,0.04156164203871052
8,sc,placebo,med_d,Medication,7,0.0125012306804424,0.03472310085850545
8,sc,adopters,med_d,Medication,8,0.06863404410447332,0.04035943520508769
8,sc,placebo,med_d,Medication,8,0.0009461871663916834,0.03570982291710936
8,aug,adopters,med_d,Medication,-8,0.0006235456602482016,0.0009742447039760001
8,aug,placebo,med_d,Medication,-8,5.400766232551549e-05,0.0008253735119283961
8,aug,adopters,med_d,Medication,-7,0.0005468877939417734,0.0008796566495425513
8,aug,placebo,med_d,Medication,-7,0.00016510422989915035,0.0008609550279123471
8,aug,adopters,med_d,Medication,-6,0.0016993428927333137,0.0009669500895090877
8,aug,placebo,med_d,Medication,-6,-0.00010310820695766343,0.0011365088587781816
8,aug,adopters,med_d,Medication,-5,8.034595114358257e-05,0.0009568182676573749
8,aug,placebo,med_d,Medication,-5,-3.7040409576291242e-06,0.0009536665027994051
8,aug,adopters,med_d,Medication,-4,-0.000873690538285519,0.0010430837552671403
8,aug,placebo,med_d,Medication,-4,-1.9944861657193307e-06,0.001002426469408292
8,aug,adopters,med_d,Medication,-3,-0.0010282558154542266,0.001214827498763086
8,aug,placebo,med_d,Medication,-3,0.0001566178547151208,0.0011921253199822354
8,aug,adopters,med_d,Medication,-2,-0.001353895299963812,0.001304095398014978
8,aug,placebo,med_d,Medication,-2,5.866679316903471e-05,0.0011712328579829788
8,aug,adopters,med_d,Medication,-1,0.002112913105420673,0.00135494360182436
8,aug,placebo,med_d,Medication,-1,0.0009716283423137535,0.0015263609465332615
8,aug,adopters,med_d,Medication,0,0.03033658241635253,0.03483058806002607
8,aug,placebo,med_d,Medication,0,-0.00119484181291769,0.029818235907425092
8,aug,adopters,med_d,Medication,1,-0.02201053814440833,0.03714467264609051
8,aug,placebo,med_d,Medication,1,0.012772705154074276,0.031109622025135692
8,aug,adopters,med_d,Medication,2,-0.04579278434618132,0.032095363801274084
8,aug,placebo,med_d,Medication,2,0.00871602679814503,0.031915509615370936
8,aug,adopters,med_d,Medication,3,0.03712783826165316,0.03723190128918101
8,aug,placebo,med_d,Medication,3,0.012253564396395113,0.03175047748678462
8,aug,adopters,med_d,Medication,4,-0.0042597861218617835,0.034373610160356775
8,aug,placebo,med_d,Medication,4,0.010273078298793734,0.03309803840448361
8,aug,adopters,med_d,Medication,5,0.0897521616912205,0.04126950409843738
8,aug,placebo,med_d,Medication,5,0.00744938464520318,0.033137977002310255
8,aug,adopters,med_d,Medication,6,-0.018018400624758263,0.03898619386523174
8,aug,placebo,med_d,Medication,6,0.0005436305225661486,0.03343140261876721
8,aug,adopters,med_d,Medication,7,0.11140204150553604,0.041651989075959184
8,aug,placebo,med_d,Medication,7,0.008379450043051278,0.03477285496397672
8,aug,adopters,med_d,Medication,8,0.06187770762452509,0.04025045593141743
8,aug,placebo,med_d,Medication,8,-0.0023797838850187192,0.0357479466158097
8,sc,adopters,pet_d,PLACEBO: pet,-8,0.0008003708293619417,0.008079226102821253
8,sc,placebo,pet_d,PLACEBO: pet,-8,0.005621932933354841,0.007534926405751958
8,sc,adopters,pet_d,PLACEBO: pet,-7,0.002333896350324844,0.007991676366632646
8,sc,placebo,pet_d,PLACEBO: pet,-7,0.00697706588392045,0.007429773833501805
8,sc,adopters,pet_d,PLACEBO: pet,-6,0.020299206507862988,0.008375029935838486
8,sc,placebo,pet_d,PLACEBO: pet,-6,0.006766821242283151,0.007768407089690919
8,sc,adopters,pet_d,PLACEBO: pet,-5,0.003870909211350421,0.0064026439185375025
8,sc,placebo,pet_d,PLACEBO: pet,-5,0.004068469307025334,0.0078818718997899
8,sc,adopters,pet_d,PLACEBO: pet,-4,0.0018596966280902535,0.008899573858299214
8,sc,placebo,pet_d,PLACEBO: pet,-4,0.006410051431341761,0.008003212172790911
8,sc,adopters,pet_d,PLACEBO: pet,-3,0.0070559884225468925,0.009203469358841955
8,sc,placebo,pet_d,PLACEBO: pet,-3,0.007993885645841439,0.008276071805514823
8,sc,adopters,pet_d,PLACEBO: pet,-2,0.03177527523016052,0.01152385479481172
8,sc,placebo,pet_d,PLACEBO: pet,-2,0.008473905072524763,0.008966544757759124
8,sc,adopters,pet_d,PLACEBO: pet,-1,0.029779497984177408,0.012100473269695548
8,sc,placebo,pet_d,PLACEBO: pet,-1,0.006085572397095002,0.009299440067803375
8,sc,adopters,pet_d,PLACEBO: pet,0,0.056046982299676966,0.037035811526213366
8,sc,placebo,pet_d,PLACEBO: pet,0,0.0027543518414741004,0.03231380874925012
8,sc,adopters,pet_d,PLACEBO: pet,1,0.03002453998176226,0.030985527965731084
8,sc,placebo,pet_d,PLACEBO: pet,1,-0.0038446510871074178,0.03371196784613745
8,sc,adopters,pet_d,PLACEBO: pet,2,0.012803085924640181,0.03713304764492146
8,sc,placebo,pet_d,PLACEBO: pet,2,-0.0026536342214668472,0.03469200341692027
8,sc,adopters,pet_d,PLACEBO: pet,3,0.040164129447379196,0.035788738633413815
8,sc,placebo,pet_d,PLACEBO: pet,3,-0.0014013193243455422,0.035791775659118445
8,sc,adopters,pet_d,PLACEBO: pet,4,0.07595956432183229,0.03937412974128832
8,sc,placebo,pet_d,PLACEBO: pet,4,0.005538627529803626,0.03736092688365241
8,sc,adopters,pet_d,PLACEBO: pet,5,0.04793395798105571,0.03683546621476343
8,sc,placebo,pet_d,PLACEBO: pet,5,0.008284753856447932,0.03770201705322333
8,sc,adopters,pet_d,PLACEBO: pet,6,-0.0073122128207489,0.03981425087754435
8,sc,placebo,pet_d,PLACEBO: pet,6,0.012238654580153559,0.038661114036214535
8,sc,adopters,pet_d,PLACEBO: pet,7,0.03150091542405264,0.04017442009688749
8,sc,placebo,pet_d,PLACEBO: pet,7,0.006480040610054559,0.03910795919524479
8,sc,adopters,pet_d,PLACEBO: pet,8,0.051809952763885524,0.04073605810790956
8,sc,placebo,pet_d,PLACEBO: pet,8,-0.004236089047866144,0.03857631599079899
8,aug,adopters,pet_d,PLACEBO: pet,-8,-0.0006224569945094166,0.0020839424146309664
8,aug,placebo,pet_d,PLACEBO: pet,-8,0.0001550035094254046,0.001765810511818139
8,aug,adopters,pet_d,PLACEBO: pet,-7,-0.000306415759020019,0.001950353009364848
8,aug,placebo,pet_d,PLACEBO: pet,-7,0.0005342566558523422,0.0018049768575922253
8,aug,adopters,pet_d,PLACEBO: pet,-6,0.0035042163868345367,0.0021815285191296658
8,aug,placebo,pet_d,PLACEBO: pet,-6,0.0005131385379279237,0.001984609193672613
8,aug,adopters,pet_d,PLACEBO: pet,-5,-0.0009620880873590015,0.0017971931463076983
8,aug,placebo,pet_d,PLACEBO: pet,-5,-0.0004646372985050098,0.0020882100597887977
8,aug,adopters,pet_d,PLACEBO: pet,-4,-0.0020664611791477395,0.00229479596995158
8,aug,placebo,pet_d,PLACEBO: pet,-4,9.656953731789416e-05,0.0021297691517305588
8,aug,adopters,pet_d,PLACEBO: pet,-3,-0.0015679737249681535,0.002484560599445603
8,aug,placebo,pet_d,PLACEBO: pet,-3,0.0005320088189968964,0.0022118755616917776
8,aug,adopters,pet_d,PLACEBO: pet,-2,0.005065281686736649,0.002942008783829308
8,aug,placebo,pet_d,PLACEBO: pet,-2,0.0007611548458523389,0.002342837471633006
8,aug,adopters,pet_d,PLACEBO: pet,-1,0.0033808203055077563,0.002838713705027666
8,aug,placebo,pet_d,PLACEBO: pet,-1,0.0002993556925263258,0.0022658014863752504
8,aug,adopters,pet_d,PLACEBO: pet,0,0.04070880499916706,0.03661294464402358
8,aug,placebo,pet_d,PLACEBO: pet,0,-0.0023622678329501337,0.032354589579763185
8,aug,adopters,pet_d,PLACEBO: pet,1,0.014262395584938284,0.03090409352723712
8,aug,placebo,pet_d,PLACEBO: pet,1,-0.00834125083592002,0.03386624311836452
8,aug,adopters,pet_d,PLACEBO: pet,2,-0.002640832336713868,0.03699788995964352
8,aug,placebo,pet_d,PLACEBO: pet,2,-0.00733296941903938,0.03481410682176232
8,aug,adopters,pet_d,PLACEBO: pet,3,0.02764328389383814,0.03547236546445462
8,aug,placebo,pet_d,PLACEBO: pet,3,-0.006105889548337649,0.035883047794695075
8,aug,adopters,pet_d,PLACEBO: pet,4,0.06461287022740457,0.03901636441028929
8,aug,placebo,pet_d,PLACEBO: pet,4,0.0010127912515408644,0.03738699041584419
8,aug,adopters,pet_d,PLACEBO: pet,5,0.034907030043668304,0.0366543958709406
8,aug,placebo,pet_d,PLACEBO: pet,5,0.0040476155760783864,0.03772845833256965
8,aug,adopters,pet_d,PLACEBO: pet,6,-0.018154208275292388,0.04013140895549233
8,aug,placebo,pet_d,PLACEBO: pet,6,0.008238015884824893,0.03864573500941919
8,aug,adopters,pet_d,PLACEBO: pet,7,0.021188628676563258,0.0401370643991071
8,aug,placebo,pet_d,PLACEBO: pet,7,0.002655496697793774,0.03911848752617294
8,aug,adopters,pet_d,PLACEBO: pet,8,0.04304447992862256,0.040777018927986526
8,aug,placebo,pet_d,PLACEBO: pet,8,-0.007115223035505647,0.038554057496348354
8,sc,adopters,book_d,PLACEBO: books,-8,-0.0034837818732709504,0.011588323021428015
8,sc,placebo,book_d,PLACEBO: books,-8,0.0035563434318936,0.013851723394824874
8,sc,adopters,book_d,PLACEBO: books,-7,0.0002701006826400889,0.012306218879104082
8,sc,placebo,book_d,PLACEBO: books,-7,0.0069604916273828185,0.013743318238969657
8,sc,adopters,book_d,PLACEBO: books,-6,0.0058209100743204945,0.012564912872050079
8,sc,placebo,book_d,PLACEBO: books,-6,0.0033025690192615,0.013610962278210795
8,sc,adopters,book_d,PLACEBO: books,-5,-0.0066911788907414406,0.011248482965660824
8,sc,placebo,book_d,PLACEBO: books,-5,0.00575431677044509,0.013088293453860235
8,sc,adopters,book_d,PLACEBO: books,-4,0.01539637958910447,0.01124093244944302
8,sc,placebo,book_d,PLACEBO: books,-4,0.0037490946818194205,0.012947387640790465
8,sc,adopters,book_d,PLACEBO: books,-3,0.020927856474288558,0.011068563986402916
8,sc,placebo,book_d,PLACEBO: books,-3,0.00521657477457468,0.012761550418011164
8,sc,adopters,book_d,PLACEBO: books,-2,0.0038801660875746997,0.012775485041034616
8,sc,placebo,book_d,PLACEBO: books,-2,0.002767308909214121,0.01301983829549079
8,sc,adopters,book_d,PLACEBO: books,-1,0.002929019931446933,0.013627755365491342
8,sc,placebo,book_d,PLACEBO: books,-1,0.004064064446566403,0.013279423605085591
8,sc,adopters,book_d,PLACEBO: books,0,0.09614255904725671,0.04374459645645693
8,sc,placebo,book_d,PLACEBO: books,0,-0.0029926732906736114,0.04131053789640356
8,sc,adopters,book_d,PLACEBO: books,1,0.044430412537629194,0.04103778576926858
8,sc,placebo,book_d,PLACEBO: books,1,-0.021419277316834434,0.041654457528540106
8,sc,adopters,book_d,PLACEBO: books,2,0.04705082509391573,0.04204122520717797
8,sc,placebo,book_d,PLACEBO: books,2,-0.0029695358219194792,0.042291901311300076
8,sc,adopters,book_d,PLACEBO: books,3,0.025366030080693668,0.04610250447857804
8,sc,placebo,book_d,PLACEBO: books,3,-0.019205410604938848,0.04182304341471743
8,sc,adopters,book_d,PLACEBO: books,4,0.04569633374513774,0.046566472660519644
8,sc,placebo,book_d,PLACEBO: books,4,0.0068073260253715935,0.04189180263451172
8,sc,adopters,book_d,PLACEBO: books,5,0.010811375768779621,0.04706759937638336
8,sc,placebo,book_d,PLACEBO: books,5,0.0024390636205738115,0.0423819944077822
8,sc,adopters,book_d,PLACEBO: books,6,0.020852535458019773,0.04679600405841577
8,sc,placebo,book_d,PLACEBO: books,6,-0.005854982258801978,0.042298324549832046
8,sc,adopters,book_d,PLACEBO: books,7,0.02482934131008351,0.040641864324795204
8,sc,placebo,book_d,PLACEBO: books,7,0.003259674477263698,0.04236066513113707
8,sc,adopters,book_d,PLACEBO: books,8,0.11820917690093101,0.048621920551334116
8,sc,placebo,book_d,PLACEBO: books,8,-0.004016205266134064,0.04275388655312979
8,aug,adopters,book_d,PLACEBO: books,-8,0.0009474768237339419,0.001633998584483138
8,aug,placebo,book_d,PLACEBO: books,-8,0.0005950737818911636,0.002186004546498862
8,aug,adopters,book_d,PLACEBO: books,-7,-0.00013535852475911577,0.001918619257847411
8,aug,placebo,book_d,PLACEBO: books,-7,0.0004105320190536468,0.0021841461877379984
8,aug,adopters,book_d,PLACEBO: books,-6,-2.868514499087479e-05,0.0019817811293220415
8,aug,placebo,book_d,PLACEBO: books,-6,8.537508587799387e-05,0.0022719474204070376
8,aug,adopters,book_d,PLACEBO: books,-5,-0.002129852057316611,0.0016926477486271638
8,aug,placebo,book_d,PLACEBO: books,-5,0.0003779271498028257,0.002173676047868577
8,aug,adopters,book_d,PLACEBO: books,-4,0.0012160217913792743,0.001334769481971824
8,aug,placebo,book_d,PLACEBO: books,-4,0.0002725511510163287,0.002098097439558441
8,aug,adopters,book_d,PLACEBO: books,-3,0.0008571456951315537,0.0015254925817797063
8,aug,placebo,book_d,PLACEBO: books,-3,0.00016030252502154306,0.0020461041772533665
8,aug,adopters,book_d,PLACEBO: books,-2,9.07854833759894e-05,0.0019034905504676717
8,aug,placebo,book_d,PLACEBO: books,-2,-1.888210138399277e-05,0.0021071676960172114
8,aug,adopters,book_d,PLACEBO: books,-1,-0.0015797547269131864,0.0018297252195202428
8,aug,placebo,book_d,PLACEBO: books,-1,0.000369515271037792,0.0020724251747239264
8,aug,adopters,book_d,PLACEBO: books,0,0.08399875932826684,0.043678023600663175
8,aug,placebo,book_d,PLACEBO: books,0,-0.005817169174618327,0.04123308680027295
8,aug,adopters,book_d,PLACEBO: books,1,0.033162393372668866,0.041178551372481505
8,aug,placebo,book_d,PLACEBO: books,1,-0.02461301996380504,0.04169179881187883
8,aug,adopters,book_d,PLACEBO: books,2,0.03790439829069786,0.04130196581851153
8,aug,placebo,book_d,PLACEBO: books,2,-0.006493493867989673,0.042300897194759615
8,aug,adopters,book_d,PLACEBO: books,3,0.01895927070929374,0.04615692974617481
8,aug,placebo,book_d,PLACEBO: books,3,-0.0228347948961904,0.04175060860417205
8,aug,adopters,book_d,PLACEBO: books,4,0.03779119198962392,0.046526315465681825
8,aug,placebo,book_d,PLACEBO: books,4,0.0034274276904049036,0.04189948236816275
8,aug,adopters,book_d,PLACEBO: books,5,0.0010029413018747897,0.047180988117804384
8,aug,placebo,book_d,PLACEBO: books,5,-0.0005689307225564249,0.04241359392326323
8,aug,adopters,book_d,PLACEBO: books,6,0.01166481562571031,0.04711069371322543
8,aug,placebo,book_d,PLACEBO: books,6,-0.008930379946449034,0.04236046899005175
8,aug,adopters,book_d,PLACEBO: books,7,0.015525782713846385,0.040372215478136346
8,aug,placebo,book_d,PLACEBO: books,7,0.00038804503928350966,0.04241248194224083
8,aug,adopters,book_d,PLACEBO: books,8,0.11002997460501457,0.04877409561064975
8,aug,placebo,book_d,PLACEBO: books,8,-0.0063295063129395375,0.04282227052766221
8,sc,adopters,grocery_d,PLACEBO: grocery/food,-8,-0.002988972374333242,0.005241743880730417
8,sc,placebo,grocery_d,PLACEBO: grocery/food,-8,0.007706807615273213,0.0065683572896056
8,sc,adopters,grocery_d,PLACEBO: grocery/food,-7,0.016443098810241648,0.006733910132254107
8,sc,placebo,grocery_d,PLACEBO: grocery/food,-7,0.005466340826648282,0.006334109948534982
8,sc,adopters,grocery_d,PLACEBO: grocery/food,-6,0.004219386309521642,0.007216180487543476
8,sc,placebo,grocery_d,PLACEBO: grocery/food,-6,0.00722917931794352,0.006282752686163931
8,sc,adopters,grocery_d,PLACEBO: grocery/food,-5,0.0024944043706836435,0.006789287775291619
8,sc,placebo,grocery_d,PLACEBO: grocery/food,-5,0.005630569681557428,0.006616669711967986
8,sc,adopters,grocery_d,PLACEBO: grocery/food,-4,0.012048264474461487,0.0073476048804186275
8,sc,placebo,grocery_d,PLACEBO: grocery/food,-4,0.006590716041283239,0.006720573138569969
8,sc,adopters,grocery_d,PLACEBO: grocery/food,-3,0.017032913090599282,0.007622546158266769
8,sc,placebo,grocery_d,PLACEBO: grocery/food,-3,0.008449421904931895,0.007406032532398335
8,sc,adopters,grocery_d,PLACEBO: grocery/food,-2,-0.0014356022543483005,0.008505164589623486
8,sc,placebo,grocery_d,PLACEBO: grocery/food,-2,0.009791779413721662,0.008276105688873138
8,sc,adopters,grocery_d,PLACEBO: grocery/food,-1,-0.0075085323542140895,0.008961428423425804
8,sc,placebo,grocery_d,PLACEBO: grocery/food,-1,0.008805113452535566,0.009012633537830132
8,sc,adopters,grocery_d,PLACEBO: grocery/food,0,0.008863551135448395,0.03706430710489457
8,sc,placebo,grocery_d,PLACEBO: grocery/food,0,0.016252445600689683,0.033940339529781725
8,sc,adopters,grocery_d,PLACEBO: grocery/food,1,0.06530641682445251,0.04122837972617395
8,sc,placebo,grocery_d,PLACEBO: grocery/food,1,0.0036955535581607085,0.03483186010476471
8,sc,adopters,grocery_d,PLACEBO: grocery/food,2,-0.010061739599729627,0.037130966502740864
8,sc,placebo,grocery_d,PLACEBO: grocery/food,2,0.01156135151522876,0.034539309162178636
8,sc,adopters,grocery_d,PLACEBO: grocery/food,3,0.005269835471211692,0.03519856080430973
8,sc,placebo,grocery_d,PLACEBO: grocery/food,3,-0.0011319294898976288,0.03526587998865592
8,sc,adopters,grocery_d,PLACEBO: grocery/food,4,0.017839880173196578,0.03857397493072321
8,sc,placebo,grocery_d,PLACEBO: grocery/food,4,0.012788091187601781,0.03565695864174382
8,sc,adopters,grocery_d,PLACEBO: grocery/food,5,0.032830256090857386,0.03544995580321187
8,sc,placebo,grocery_d,PLACEBO: grocery/food,5,0.0077532512610454804,0.0366810922278379
8,sc,adopters,grocery_d,PLACEBO: grocery/food,6,0.04575457810281029,0.0382806493242145
8,sc,placebo,grocery_d,PLACEBO: grocery/food,6,0.017544428468161757,0.037315886473157145
8,sc,adopters,grocery_d,PLACEBO: grocery/food,7,0.0608012101989032,0.039507329476719096
8,sc,placebo,grocery_d,PLACEBO: grocery/food,7,0.018508146543816245,0.03806152257707888
8,sc,adopters,grocery_d,PLACEBO: grocery/food,8,0.10553940855007644,0.045925240027680544
8,sc,placebo,grocery_d,PLACEBO: grocery/food,8,0.014310551900257795,0.03860849057189806
8,aug,adopters,grocery_d,PLACEBO: grocery/food,-8,-0.0009775187896108757,0.001014028306405335
8,aug,placebo,grocery_d,PLACEBO: grocery/food,-8,0.000546136778642864,0.0013315328408001772
8,aug,adopters,grocery_d,PLACEBO: grocery/food,-7,0.0028823958568543018,0.0013361612757076323
8,aug,placebo,grocery_d,PLACEBO: grocery/food,-7,4.3895221875692365e-05,0.0012853626826449568
8,aug,adopters,grocery_d,PLACEBO: grocery/food,-6,0.00044006777985411736,0.00143730544766966
8,aug,placebo,grocery_d,PLACEBO: grocery/food,-6,0.00045039011249997364,0.0012730089876853733
8,aug,adopters,grocery_d,PLACEBO: grocery/food,-5,-0.00015195518935311232,0.0014203947165455618
8,aug,placebo,grocery_d,PLACEBO: grocery/food,-5,0.00013171186966567429,0.001350635035462037
8,aug,adopters,grocery_d,PLACEBO: grocery/food,-4,0.0018911073765461835,0.001453916092618389
8,aug,placebo,grocery_d,PLACEBO: grocery/food,-4,0.00016471401235062554,0.0013979240876204372
8,aug,adopters,grocery_d,PLACEBO: grocery/food,-3,0.002879525023582575,0.0015875595223634317
8,aug,placebo,grocery_d,PLACEBO: grocery/food,-3,0.0005096505102535954,0.0015652426910610392
8,aug,adopters,grocery_d,PLACEBO: grocery/food,-2,-0.0012246275402354216,0.001730724199539697
8,aug,placebo,grocery_d,PLACEBO: grocery/food,-2,0.0008249197709248444,0.0017768183388433868
8,aug,adopters,grocery_d,PLACEBO: grocery/food,-1,-0.0036482625918874026,0.001911025129918626
8,aug,placebo,grocery_d,PLACEBO: grocery/food,-1,0.0006421969747429493,0.0018874974177503733
8,aug,adopters,grocery_d,PLACEBO: grocery/food,0,0.003240999575751792,0.0368795187472902
8,aug,placebo,grocery_d,PLACEBO: grocery/food,0,0.010551082502503572,0.03378578200724872
8,aug,adopters,grocery_d,PLACEBO: grocery/food,1,0.059089297695378275,0.0410289741783128
8,aug,placebo,grocery_d,PLACEBO: grocery/food,1,-0.001371308573183766,0.034709345255194195
8,aug,adopters,grocery_d,PLACEBO: grocery/food,2,-0.01774485802152282,0.03728834505228827
8,aug,placebo,grocery_d,PLACEBO: grocery/food,2,0.006873536706411159,0.034389169656974215
8,aug,adopters,grocery_d,PLACEBO: grocery/food,3,-0.0005078790671902869,0.034998319871032156
8,aug,placebo,grocery_d,PLACEBO: grocery/food,3,-0.005499707388048826,0.03513830243828058
8,aug,adopters,grocery_d,PLACEBO: grocery/food,4,0.011418690200481387,0.038185181478112014
8,aug,placebo,grocery_d,PLACEBO: grocery/food,4,0.00889422992765507,0.03556290985461372
8,aug,adopters,grocery_d,PLACEBO: grocery/food,5,0.026866516371001386,0.035530607281272386
8,aug,placebo,grocery_d,PLACEBO: grocery/food,5,0.003287758513239917,0.036580904331038326
8,aug,adopters,grocery_d,PLACEBO: grocery/food,6,0.03925022778015349,0.03790304172556637
8,aug,placebo,grocery_d,PLACEBO: grocery/food,6,0.01361256802436872,0.037222301771176934
8,aug,adopters,grocery_d,PLACEBO: grocery/food,7,0.05362689141205649,0.039429514537777224
8,aug,placebo,grocery_d,PLACEBO: grocery/food,7,0.015033369451949727,0.037990713370842595
8,aug,adopters,grocery_d,PLACEBO: grocery/food,8,0.09734673580376002,0.0459337646091091
8,aug,placebo,grocery_d,PLACEBO: grocery/food,8,0.011086667153658084,0.03849026832028578
8,sc,adopters,ln_n,General: ln(1+#purchases),-8,-0.007882134506268262,0.028534494133840557
8,sc,placebo,ln_n,General: ln(1+#purchases),-8,0.009259346472444932,0.030650019312281913
8,sc,adopters,ln_n,General: ln(1+#purchases),-7,0.03342195301203711,0.026371091149609095
8,sc,placebo,ln_n,General: ln(1+#purchases),-7,0.00790063753675014,0.03183430960318273
8,sc,adopters,ln_n,General: ln(1+#purchases),-6,0.004754507781251864,0.02892408854996861
8,sc,placebo,ln_n,General: ln(1+#purchases),-6,-0.0013888755093645379,0.03272473324357519
8,sc,adopters,ln_n,General: ln(1+#purchases),-5,-0.007602987373307312,0.026587752208883448
8,sc,placebo,ln_n,General: ln(1+#purchases),-5,0.0011590385092209484,0.03217908119397416
8,sc,adopters,ln_n,General: ln(1+#purchases),-4,0.01047734355149365,0.02839578835728057
8,sc,placebo,ln_n,General: ln(1+#purchases),-4,-0.007638555131191588,0.03262717795744756
8,sc,adopters,ln_n,General: ln(1+#purchases),-3,0.04169923160083689,0.027478998616808352
8,sc,placebo,ln_n,General: ln(1+#purchases),-3,0.007230332189278942,0.03227140396122684
8,sc,adopters,ln_n,General: ln(1+#purchases),-2,0.03407071022324868,0.028285569079160095
8,sc,placebo,ln_n,General: ln(1+#purchases),-2,0.007442819300884361,0.03280375654633135
8,sc,adopters,ln_n,General: ln(1+#purchases),-1,0.1256511341951608,0.037438053403260896
8,sc,placebo,ln_n,General: ln(1+#purchases),-1,-0.009565927788963223,0.034194922494577354
8,sc,adopters,ln_n,General: ln(1+#purchases),0,0.4505043401225429,0.06483484261382251
8,sc,placebo,ln_n,General: ln(1+#purchases),0,-0.035889255610847125,0.07986432186823865
8,sc,adopters,ln_n,General: ln(1+#purchases),1,0.27437275322985955,0.07479799524719456
8,sc,placebo,ln_n,General: ln(1+#purchases),1,-0.042035010622429085,0.08623697661030232
8,sc,adopters,ln_n,General: ln(1+#purchases),2,0.23792575877395425,0.07967356262975721
8,sc,placebo,ln_n,General: ln(1+#purchases),2,-0.044379568783425395,0.08636360074127326
8,sc,adopters,ln_n,General: ln(1+#purchases),3,0.2674426445004115,0.07105198193851264
8,sc,placebo,ln_n,General: ln(1+#purchases),3,-0.027574000141889415,0.08985502011498131
8,sc,adopters,ln_n,General: ln(1+#purchases),4,0.27963324300201686,0.06697739196993328
8,sc,placebo,ln_n,General: ln(1+#purchases),4,-0.008298596849095017,0.09027275093912364
8,sc,adopters,ln_n,General: ln(1+#purchases),5,0.2332874165361137,0.08176728803856252
8,sc,placebo,ln_n,General: ln(1+#purchases),5,-0.00886448001333864,0.09276585021793465
8,sc,adopters,ln_n,General: ln(1+#purchases),6,0.24102930087838442,0.07346956124165473
8,sc,placebo,ln_n,General: ln(1+#purchases),6,7.048775404635416e-06,0.09367252258279841
8,sc,adopters,ln_n,General: ln(1+#purchases),7,0.27104515075267577,0.08506397207522884
8,sc,placebo,ln_n,General: ln(1+#purchases),7,0.008432159547282214,0.09346816534839902
8,sc,adopters,ln_n,General: ln(1+#purchases),8,0.30822924875431373,0.07214605452108447
8,sc,placebo,ln_n,General: ln(1+#purchases),8,-0.010215414488907483,0.09397010201022139
8,aug,adopters,ln_n,General: ln(1+#purchases),-8,-0.004869309656132498,0.0038363002472166863
8,aug,placebo,ln_n,General: ln(1+#purchases),-8,0.0010396952150201204,0.00393243214349445
8,aug,adopters,ln_n,General: ln(1+#purchases),-7,0.0031014668604343503,0.003999199182010731
8,aug,placebo,ln_n,General: ln(1+#purchases),-7,0.0006864526354476406,0.004651641617079291
8,aug,adopters,ln_n,General: ln(1+#purchases),-6,-0.001576597314187447,0.004305653094648892
8,aug,placebo,ln_n,General: ln(1+#purchases),-6,-0.00025586460721914163,0.004823814288242782
8,aug,adopters,ln_n,General: ln(1+#purchases),-5,-0.0056026315497538495,0.004027334545803737
8,aug,placebo,ln_n,General: ln(1+#purchases),-5,0.00015362303347847767,0.004790143626300233
8,aug,adopters,ln_n,General: ln(1+#purchases),-4,-0.002903333514501574,0.004362223251105871
8,aug,placebo,ln_n,General: ln(1+#purchases),-4,-0.0014249972011469874,0.004924981183999075
8,aug,adopters,ln_n,General: ln(1+#purchases),-3,-1.8531431928403416e-05,0.004287254041617549
8,aug,placebo,ln_n,General: ln(1+#purchases),-3,0.0008271204767217478,0.004995821623140207
8,aug,adopters,ln_n,General: ln(1+#purchases),-2,-0.003544028769978746,0.004598632436772023
8,aug,placebo,ln_n,General: ln(1+#purchases),-2,0.0012450413128662168,0.00515040771289898
8,aug,adopters,ln_n,General: ln(1+#purchases),-1,0.010641638878262907,0.005100123737266503
8,aug,placebo,ln_n,General: ln(1+#purchases),-1,-0.0022474522809995926,0.004794558201081019
8,aug,adopters,ln_n,General: ln(1+#purchases),0,0.3827424859799106,0.06073558042220044
8,aug,placebo,ln_n,General: ln(1+#purchases),0,-0.03385707262520428,0.07803344781956333
8,aug,adopters,ln_n,General: ln(1+#purchases),1,0.22000590513085955,0.0718795503794427
8,aug,placebo,ln_n,General: ln(1+#purchases),1,-0.040261768429204224,0.08530276690038381
8,aug,adopters,ln_n,General: ln(1+#purchases),2,0.1889953038966886,0.07644440905658578
8,aug,placebo,ln_n,General: ln(1+#purchases),2,-0.04113224364777196,0.08574674118360978
8,aug,adopters,ln_n,General: ln(1+#purchases),3,0.21994550879414415,0.0679666894708496
8,aug,placebo,ln_n,General: ln(1+#purchases),3,-0.02543571445192464,0.08926117752290838
8,aug,adopters,ln_n,General: ln(1+#purchases),4,0.23254785468988162,0.06520171168271871
8,aug,placebo,ln_n,General: ln(1+#purchases),4,-0.006273846712055187,0.08980538643925552
8,aug,adopters,ln_n,General: ln(1+#purchases),5,0.18793931124549723,0.08113190377775283
8,aug,placebo,ln_n,General: ln(1+#purchases),5,-0.0073299188058410895,0.09198850386529685
8,aug,adopters,ln_n,General: ln(1+#purchases),6,0.1988479798707336,0.07323540446689235
8,aug,placebo,ln_n,General: ln(1+#purchases),6,0.00282046675337801,0.0928508931504871
8,aug,adopters,ln_n,General: ln(1+#purchases),7,0.22747425236931446,0.08437800459312532
8,aug,placebo,ln_n,General: ln(1+#purchases),7,0.010723101257794607,0.09279731533638183
8,aug,adopters,ln_n,General: ln(1+#purchases),8,0.2693269519559096,0.06997283866709447
8,aug,placebo,ln_n,General: ln(1+#purchases),8,-0.0075660794200781475,0.09324204215859111
