match,kind,outcome,name,e,att,se
own,adopters,run_shoe_d,Running shoe,-8,0.0023548544175159636,0.0018498049108804028
own,adopters,run_shoe_d,Running shoe,-7,0.00440582713700892,0.003719385912522218
own,adopters,run_shoe_d,Running shoe,-6,0.0005532795451626555,0.0016636320408308207
own,adopters,run_shoe_d,Running shoe,-5,0.002484176335764336,0.00265195411618475
own,adopters,run_shoe_d,Running shoe,-4,0.00036709444215867485,0.0019468444471837823
own,adopters,run_shoe_d,Running shoe,-3,0.001623212908597552,0.0037076335311656567
own,adopters,run_shoe_d,Running shoe,-2,0.004850769535072985,0.003060611295060245
own,adopters,run_shoe_d,Running shoe,-1,0.006167943769536741,0.0032328531593668317
own,adopters,run_shoe_d,Running shoe,0,0.023468848868507593,0.013924055327049753
own,adopters,run_shoe_d,Running shoe,1,0.010102790845780578,0.011669615060705525
own,adopters,run_shoe_d,Running shoe,2,0.02321555723220057,0.013459908841425151
own,adopters,run_shoe_d,Running shoe,3,0.007460854963416546,0.011835506616156833
own,adopters,run_shoe_d,Running shoe,4,0.011472341575986934,0.01197734466870307
own,adopters,run_shoe_d,Running shoe,5,0.01605426683278116,0.013820594477678165
own,adopters,run_shoe_d,Running shoe,6,0.0288268261215095,0.01597253365322552
own,adopters,run_shoe_d,Running shoe,7,0.032229388575073,0.020901796553632425
own,adopters,run_shoe_d,Running shoe,8,0.007895431108956706,0.01976813934953766
own,placebo,run_shoe_d,Running shoe,-8,0.0011122174261539463,0.001562281828310345
own,placebo,run_shoe_d,Running shoe,-7,0.0011917757042157007,0.0011917757042131996
own,placebo,run_shoe_d,Running shoe,-6,0.0012909700788124366,0.0019807843588545214
own,placebo,run_shoe_d,Running shoe,-5,0.0011519022854167393,0.0008515176417879911
own,placebo,run_shoe_d,Running shoe,-4,-0.0013505384282746177,0.0009597885090914887
own,placebo,run_shoe_d,Running shoe,-3,-0.0007944054933888313,0.000794405493412824
own,placebo,run_shoe_d,Running shoe,-2,0.0015101241878157001,0.0015094297003367698
own,placebo,run_shoe_d,Running shoe,-1,0.0030783737868523755,0.0022277386544174546
own,placebo,run_shoe_d,Running shoe,0,-0.023570310982487942,0.004188451618652922
own,placebo,run_shoe_d,Running shoe,1,-0.006208730273817122,0.006715172923589837
own,placebo,run_shoe_d,Running shoe,2,0.007722642167054194,0.011465249961191047
own,placebo,run_shoe_d,Running shoe,3,-0.0038163792778391045,0.00966469797009705
own,placebo,run_shoe_d,Running shoe,4,0.005452598826145852,0.011846100913693562
own,placebo,run_shoe_d,Running shoe,5,0.0040813690057878715,0.009792101145240616
own,placebo,run_shoe_d,Running shoe,6,-0.0012428720930174816,0.01054474922932237
own,placebo,run_shoe_d,Running shoe,7,-0.005851571854943588,0.008661662947665988
own,placebo,run_shoe_d,Running shoe,8,0.001143859707508445,0.014155471309146314
own,adopters,run_any_d,Running-related (keyword),-8,0.009695365265350815,0.0033963828389771953
own,adopters,run_any_d,Running-related (keyword),-7,0.00834063707761734,0.003469234480541995
own,adopters,run_any_d,Running-related (keyword),-6,0.00725696263112942,0.0027790056114958546
own,adopters,run_any_d,Running-related (keyword),-5,0.0026644355719551874,0.0031979796577178195
own,adopters,run_any_d,Running-related (keyword),-4,0.002835621084748682,0.003920018859287343
own,adopters,run_any_d,Running-related (keyword),-3,0.004631532678557595,0.003726953482108077
own,adopters,run_any_d,Running-related (keyword),-2,0.0018639919342124122,0.002986315668074153
own,adopters,run_any_d,Running-related (keyword),-1,0.007719417721298075,0.0030354271994435995
own,adopters,run_any_d,Running-related (keyword),0,0.10196209999718103,0.024429479913677492
own,adopters,run_any_d,Running-related (keyword),1,0.10092815233797958,0.02556703509950112
own,adopters,run_any_d,Running-related (keyword),2,0.07836942862691904,0.026094488829247586
own,adopters,run_any_d,Running-related (keyword),3,0.05582436907814471,0.023734578522655352
own,adopters,run_any_d,Running-related (keyword),4,0.05185762122229535,0.02491688734233067
own,adopters,run_any_d,Running-related (keyword),5,0.04361098671009852,0.025060056117111793
own,adopters,run_any_d,Running-related (keyword),6,0.030370428651385176,0.028679025633734916
own,adopters,run_any_d,Running-related (keyword),7,0.08630911717514977,0.032761115821446675
own,adopters,run_any_d,Running-related (keyword),8,0.07123938002290098,0.0357550728717551
own,placebo,run_any_d,Running-related (keyword),-8,0.004178598373837438,0.0021872522825201624
own,placebo,run_any_d,Running-related (keyword),-7,0.0017460764489624968,0.0023284760805043084
own,placebo,run_any_d,Running-related (keyword),-6,0.004282005093965615,0.002380188898389942
own,placebo,run_any_d,Running-related (keyword),-5,0.0030343037447308776,0.0022129370533531937
own,placebo,run_any_d,Running-related (keyword),-4,0.0032275314856868016,0.001671906399512153
own,placebo,run_any_d,Running-related (keyword),-3,0.002992971327495418,0.002512077069170408
own,placebo,run_any_d,Running-related (keyword),-2,-0.0011524861197340919,0.0018912666675166211
own,placebo,run_any_d,Running-related (keyword),-1,0.002839590873498644,0.0022059273896713975
own,placebo,run_any_d,Running-related (keyword),0,-0.023258774184994273,0.01829694066205239
own,placebo,run_any_d,Running-related (keyword),1,-0.001124220800162189,0.01840433656506685
own,placebo,run_any_d,Running-related (keyword),2,-0.01818315478931859,0.018498761992774178
own,placebo,run_any_d,Running-related (keyword),3,0.013773637529007836,0.020493981269782545
own,placebo,run_any_d,Running-related (keyword),4,0.02273121637830095,0.020611109109955072
own,placebo,run_any_d,Running-related (keyword),5,-0.018189495543286895,0.019689743087281556
own,placebo,run_any_d,Running-related (keyword),6,-0.03853921129393499,0.019948338328900733
own,placebo,run_any_d,Running-related (keyword),7,-0.013522040517312131,0.026572786716396835
own,placebo,run_any_d,Running-related (keyword),8,-0.009522426173119925,0.0281052488349137
own,adopters,fit_gear_d,Fitness gear,-8,0.0033190516271587186,0.002438341730786178
own,adopters,fit_gear_d,Fitness gear,-7,0.0011019665295582,0.0021681490759499164
own,adopters,fit_gear_d,Fitness gear,-6,0.007442324438999195,0.0033254448840123775
own,adopters,fit_gear_d,Fitness gear,-5,0.0014311251484954565,0.001744927687358109
own,adopters,fit_gear_d,Fitness gear,-4,0.007961250407350849,0.003968661478750005
own,adopters,fit_gear_d,Fitness gear,-3,-0.0017967733310073049,0.0024742211855047643
own,adopters,fit_gear_d,Fitness gear,-2,0.0033654998387964877,0.00152771733160647
own,adopters,fit_gear_d,Fitness gear,-1,0.0059260053224330245,0.00251714245872422
own,adopters,fit_gear_d,Fitness gear,0,0.048124255717618976,0.020245796811573888
own,adopters,fit_gear_d,Fitness gear,1,0.04342211722462118,0.01983091305499425
own,adopters,fit_gear_d,Fitness gear,2,0.019540497341297983,0.0181788976085569
own,adopters,fit_gear_d,Fitness gear,3,0.029688855783505014,0.01931665432695841
own,adopters,fit_gear_d,Fitness gear,4,0.0575839262026783,0.02097960211848928
own,adopters,fit_gear_d,Fitness gear,5,0.029276095480662182,0.01967854145338631
own,adopters,fit_gear_d,Fitness gear,6,0.023557932786468828,0.021713484171761655
own,adopters,fit_gear_d,Fitness gear,7,-0.002489399608195934,0.023019622158601906
own,adopters,fit_gear_d,Fitness gear,8,0.038109479699281586,0.028830989089495013
own,placebo,fit_gear_d,Fitness gear,-8,0.000525070211296903,0.0014566008724122275
own,placebo,fit_gear_d,Fitness gear,-7,0.004670137922523385,0.002405216850462629
own,placebo,fit_gear_d,Fitness gear,-6,0.0005025884819487843,0.0015762566823940283
own,placebo,fit_gear_d,Fitness gear,-5,0.005009630501811249,0.0022539310498845824
own,placebo,fit_gear_d,Fitness gear,-4,-3.283273340916263e-05,0.0009606767826424816
own,placebo,fit_gear_d,Fitness gear,-3,0.001919100348112505,0.0019408348967117157
own,placebo,fit_gear_d,Fitness gear,-2,-0.000623164959384876,0.0016221153928139605
own,placebo,fit_gear_d,Fitness gear,-1,0.001156658703729707,0.0015221519784328426
own,placebo,fit_gear_d,Fitness gear,0,-0.020072944947317747,0.013327593506460608
own,placebo,fit_gear_d,Fitness gear,1,-0.020575302092728464,0.011645050697695468
own,placebo,fit_gear_d,Fitness gear,2,-0.0008075886131475202,0.014121009381365143
own,placebo,fit_gear_d,Fitness gear,3,-0.009725263342527995,0.013170604949917975
own,placebo,fit_gear_d,Fitness gear,4,-0.0017934632240895374,0.013848694970882482
own,placebo,fit_gear_d,Fitness gear,5,-0.021710574408546412,0.013417217564212306
own,placebo,fit_gear_d,Fitness gear,6,-0.022803928011240784,0.01758251083030399
own,placebo,fit_gear_d,Fitness gear,7,-0.01700140937531352,0.020096867522178367
own,placebo,fit_gear_d,Fitness gear,8,-0.025250669234465648,0.02200553769927481
own,adopters,supp_d,Supplements,-8,0.0020689652640230034,0.0018815540732011566
own,adopters,supp_d,Supplements,-7,0.0031457719698616987,0.002126873222892923
own,adopters,supp_d,Supplements,-6,-0.0034631147808075473,0.0018100979882745703
own,adopters,supp_d,Supplements,-5,0.00210182484011618,0.0015598730321475537
own,adopters,supp_d,Supplements,-4,0.0002543641563927748,0.001737159528241724
own,adopters,supp_d,Supplements,-3,0.003150951467733055,0.001750778556331838
own,adopters,supp_d,Supplements,-2,0.0016339662220956608,0.0016353415134588078
own,adopters,supp_d,Supplements,-1,-0.00218683792512152,0.0018608651810609392
own,adopters,supp_d,Supplements,0,0.0793893568041457,0.02501718726023401
own,adopters,supp_d,Supplements,1,0.10064612314258965,0.027403495163953268
own,adopters,supp_d,Supplements,2,0.10355045885849302,0.02482981177559649
own,adopters,supp_d,Supplements,3,0.09110920715003007,0.026174552571633713
own,adopters,supp_d,Supplements,4,0.05379135875959816,0.02448535116807169
own,adopters,supp_d,Supplements,5,0.08259459318373837,0.029516203176470586
own,adopters,supp_d,Supplements,6,0.10525014978699244,0.031274307960277685
own,adopters,supp_d,Supplements,7,0.09324359532078302,0.03699940387688558
own,adopters,supp_d,Supplements,8,0.08831971176934873,0.04201132864014381
own,placebo,supp_d,Supplements,-8,0.0016405447607155804,0.0020587834494272157
own,placebo,supp_d,Supplements,-7,0.000821079644488487,0.0017439109842802818
own,placebo,supp_d,Supplements,-6,0.0008575756182249366,0.0016773169766269322
own,placebo,supp_d,Supplements,-5,-0.0010047145718098578,0.002049338761501945
own,placebo,supp_d,Supplements,-4,0.0005325187186651733,0.0018443808868955514
own,placebo,supp_d,Supplements,-3,-0.0003230775618523413,0.0016382608929773606
own,placebo,supp_d,Supplements,-2,-0.001172565041741822,0.0020692159485824744
own,placebo,supp_d,Supplements,-1,0.0042666508171828495,0.001997138838463607
own,placebo,supp_d,Supplements,0,0.021486191950967907,0.024505158085580125
own,placebo,supp_d,Supplements,1,-0.0037052011961338357,0.023787701495767047
own,placebo,supp_d,Supplements,2,0.016266722370742556,0.024650885826546173
own,placebo,supp_d,Supplements,3,0.009479628559074315,0.025417723534082764
own,placebo,supp_d,Supplements,4,-0.0010855991743249503,0.02500770889068848
own,placebo,supp_d,Supplements,5,-0.037401444314479136,0.027380164981670455
own,placebo,supp_d,Supplements,6,-0.028660542563116728,0.026899024002563846
own,placebo,supp_d,Supplements,7,0.020448785393253358,0.03517293112516089
own,placebo,supp_d,Supplements,8,-0.07707617012100201,0.03575102231185378
own,adopters,med_d,Medication,-8,0.001612863343381119,0.0019112743796435858
own,adopters,med_d,Medication,-7,0.0027841193610539934,0.0022768757690272076
own,adopters,med_d,Medication,-6,0.0015140307242532537,0.002545842314293571
own,adopters,med_d,Medication,-5,0.0023624449626058015,0.002265979612948074
own,adopters,med_d,Medication,-4,-0.00046888078433656333,0.002486804023666693
own,adopters,med_d,Medication,-3,-0.0029503808523433424,0.0022870986337597235
own,adopters,med_d,Medication,-2,7.084528322644142e-05,0.0024863031545667826
own,adopters,med_d,Medication,-1,0.005641285034431209,0.0024440217146547254
own,adopters,med_d,Medication,0,0.042086960442065564,0.02036407999439798
own,adopters,med_d,Medication,1,0.02104995307335278,0.021151552943913535
own,adopters,med_d,Medication,2,-0.016102012132202664,0.02099284051983695
own,adopters,med_d,Medication,3,0.04238797500284184,0.021872764641687713
own,adopters,med_d,Medication,4,0.0131939233917929,0.020565056112295765
own,adopters,med_d,Medication,5,0.037758044850150815,0.02541036204207542
own,adopters,med_d,Medication,6,-0.017194715411809048,0.027006195819897723
own,adopters,med_d,Medication,7,0.07710101667807533,0.031461328798303184
own,adopters,med_d,Medication,8,0.06207481531077414,0.036684144726912435
own,placebo,med_d,Medication,-8,8.079639632467981e-05,0.0019911023209551342
own,placebo,med_d,Medication,-7,0.0027245912689964837,0.0018272814063164183
own,placebo,med_d,Medication,-6,-0.001696856334451256,0.0014022364263046236
own,placebo,med_d,Medication,-5,0.0007663442221762889,0.001957580397789573
own,placebo,med_d,Medication,-4,0.00559600755507182,0.0020516518751319654
own,placebo,med_d,Medication,-3,0.005002585027509491,0.002034288233982129
own,placebo,med_d,Medication,-2,-0.0013935743748008478,0.0016671843057999142
own,placebo,med_d,Medication,-1,-0.0012852295110023298,0.001712182934888989
own,placebo,med_d,Medication,0,0.0356651067628807,0.019208179992531358
own,placebo,med_d,Medication,1,0.032333774215318724,0.02013163040715641
own,placebo,med_d,Medication,2,-0.013380694726785217,0.01794429766865169
own,placebo,med_d,Medication,3,-0.009674957778138227,0.01782228816245783
own,placebo,med_d,Medication,4,0.01081759650187447,0.020740962406320316
own,placebo,med_d,Medication,5,0.013767827579011193,0.022814603833086512
own,placebo,med_d,Medication,6,0.044531269697974836,0.027361181247218275
own,placebo,med_d,Medication,7,0.007552551971160574,0.030220534794629078
own,placebo,med_d,Medication,8,0.02022046955652348,0.03304910374690298
own,adopters,pet_d,PLACEBO: pet,-8,0.0027476687113760397,0.002326385538484183
own,adopters,pet_d,PLACEBO: pet,-7,0.0038536051820974976,0.002367963226285329
own,adopters,pet_d,PLACEBO: pet,-6,0.0022830593548594526,0.002439620790460417
own,adopters,pet_d,PLACEBO: pet,-5,0.004007315326974851,0.0021075822055458683
own,adopters,pet_d,PLACEBO: pet,-4,8.657309889215748e-05,0.002134775363771131
own,adopters,pet_d,PLACEBO: pet,-3,-0.0037378289453044323,0.001999981313511311
own,adopters,pet_d,PLACEBO: pet,-2,-3.7663483751913366e-05,0.0022835069031248777
own,adopters,pet_d,PLACEBO: pet,-1,0.0039911053758536815,0.002467319720728396
own,adopters,pet_d,PLACEBO: pet,0,0.03699982538511797,0.023573059170298335
own,adopters,pet_d,PLACEBO: pet,1,0.047954039802378834,0.022777998685498
own,adopters,pet_d,PLACEBO: pet,2,0.03443732559995004,0.02372032673421167
own,adopters,pet_d,PLACEBO: pet,3,0.025561300940987762,0.0226410924055819
own,adopters,pet_d,PLACEBO: pet,4,0.038512016236511626,0.02515546006675703
own,adopters,pet_d,PLACEBO: pet,5,0.020356199740469802,0.02767246804591852
own,adopters,pet_d,PLACEBO: pet,6,-0.02338588420473582,0.02768568127574002
own,adopters,pet_d,PLACEBO: pet,7,0.009208836817292487,0.03138798633883202
own,adopters,pet_d,PLACEBO: pet,8,0.03332333888251152,0.03837907934689728
own,placebo,pet_d,PLACEBO: pet,-8,0.0012237194101908113,0.0015899107373387761
own,placebo,pet_d,PLACEBO: pet,-7,0.0008002356980769972,0.0017029984322020208
own,placebo,pet_d,PLACEBO: pet,-6,0.00014863660636995615,0.0017432168149681176
own,placebo,pet_d,PLACEBO: pet,-5,-0.0006337333010744353,0.0017325144289338078
own,placebo,pet_d,PLACEBO: pet,-4,0.0005415333515321314,0.0013161396996103827
own,placebo,pet_d,PLACEBO: pet,-3,0.0019684343968558,0.0012969095869971815
own,placebo,pet_d,PLACEBO: pet,-2,-0.0007812672238615572,0.0017375155969524619
own,placebo,pet_d,PLACEBO: pet,-1,0.0027819545713660726,0.0017705807645835398
own,placebo,pet_d,PLACEBO: pet,0,-0.023248167239755726,0.020036648908790367
own,placebo,pet_d,PLACEBO: pet,1,-0.04402242688967671,0.019608020730054822
own,placebo,pet_d,PLACEBO: pet,2,-0.024619631302681126,0.023442243051458773
own,placebo,pet_d,PLACEBO: pet,3,-0.03489052405559526,0.022800539094268917
own,placebo,pet_d,PLACEBO: pet,4,-0.010580846860907052,0.02541418145218959
own,placebo,pet_d,PLACEBO: pet,5,-0.03517419859613582,0.0239989853041302
own,placebo,pet_d,PLACEBO: pet,6,-0.08152008909500817,0.02492105191370141
own,placebo,pet_d,PLACEBO: pet,7,-0.03977337190140962,0.030109233213641055
own,placebo,pet_d,PLACEBO: pet,8,-0.0261847853871888,0.039700850710491876
own,adopters,book_d,PLACEBO: books,-8,0.004080979195782276,0.0014390923422575236
own,adopters,book_d,PLACEBO: books,-7,0.0008038864257602981,0.0014995656395726626
own,adopters,book_d,PLACEBO: books,-6,-0.00018745931965573817,0.001361438682309611
own,adopters,book_d,PLACEBO: books,-5,-0.0002493481949325097,0.0012808142857566073
own,adopters,book_d,PLACEBO: books,-4,0.0002829925265764755,0.001500678885622868
own,adopters,book_d,PLACEBO: books,-3,-0.0017059034400755046,0.0012289683110442643
own,adopters,book_d,PLACEBO: books,-2,-0.0005359749781946685,0.0015698883968933775
own,adopters,book_d,PLACEBO: books,-1,0.002518101720412693,0.0014521938856956204
own,adopters,book_d,PLACEBO: books,0,0.10635548195644456,0.029437364156155367
own,adopters,book_d,PLACEBO: books,1,0.06587635577033266,0.0282468688675612
own,adopters,book_d,PLACEBO: books,2,0.018833735603943556,0.029142122987334384
own,adopters,book_d,PLACEBO: books,3,0.04748194038449252,0.029183328146986844
own,adopters,book_d,PLACEBO: books,4,0.060635637995382706,0.02899650216595609
own,adopters,book_d,PLACEBO: books,5,0.03831176526535228,0.03121692590853847
own,adopters,book_d,PLACEBO: books,6,0.033597174739060966,0.03557609812979803
own,adopters,book_d,PLACEBO: books,7,0.04683133989784289,0.035537947339041025
own,adopters,book_d,PLACEBO: books,8,0.09203824447579333,0.045578563770884324
own,placebo,book_d,PLACEBO: books,-8,-0.002371853165924021,0.0013561784014171777
own,placebo,book_d,PLACEBO: books,-7,0.0027703039916604027,0.0012407792685078473
own,placebo,book_d,PLACEBO: books,-6,0.0015662165866645026,0.0010463352853906788
own,placebo,book_d,PLACEBO: books,-5,-0.0007033894041017998,0.0011629270493807259
own,placebo,book_d,PLACEBO: books,-4,0.001982045024391097,0.0013582469495027145
own,placebo,book_d,PLACEBO: books,-3,0.0009677183121885301,0.0012085445796222241
own,placebo,book_d,PLACEBO: books,-2,-8.158848393826479e-05,0.0013636951480455858
own,placebo,book_d,PLACEBO: books,-1,-0.002425701263164823,0.0012012733501203196
own,placebo,book_d,PLACEBO: books,0,0.018650063258376225,0.027106249360422646
own,placebo,book_d,PLACEBO: books,1,0.004397512209157978,0.02728853103236721
own,placebo,book_d,PLACEBO: books,2,0.007489225178185782,0.027766969420987213
own,placebo,book_d,PLACEBO: books,3,-0.01795410904083645,0.02872176932535672
own,placebo,book_d,PLACEBO: books,4,0.043690619938123024,0.03107698417550778
own,placebo,book_d,PLACEBO: books,5,-0.014938201568502844,0.03255557342672937
own,placebo,book_d,PLACEBO: books,6,-0.0026096923010189396,0.032671998231055877
own,placebo,book_d,PLACEBO: books,7,0.0969057121266904,0.03917772243494301
own,placebo,book_d,PLACEBO: books,8,0.045423172604093884,0.04286330455548989
own,adopters,grocery_d,PLACEBO: grocery/food,-8,0.002918514432548659,0.0018765666402586825
own,adopters,grocery_d,PLACEBO: grocery/food,-7,0.001676421259941225,0.001957325300670968
own,adopters,grocery_d,PLACEBO: grocery/food,-6,0.0012033664458222311,0.0020907956234598154
own,adopters,grocery_d,PLACEBO: grocery/food,-5,0.003957546790701419,0.0023081428033051967
own,adopters,grocery_d,PLACEBO: grocery/food,-4,0.0028628502970356913,0.001854442259905637
own,adopters,grocery_d,PLACEBO: grocery/food,-3,-0.00034669267547652287,0.002343863304445056
own,adopters,grocery_d,PLACEBO: grocery/food,-2,-0.0009772045981346212,0.0020211175576934247
own,adopters,grocery_d,PLACEBO: grocery/food,-1,-0.0016661592491479462,0.002134981488348583
own,adopters,grocery_d,PLACEBO: grocery/food,0,0.0350615423199754,0.022215036798790087
own,adopters,grocery_d,PLACEBO: grocery/food,1,0.024293682756291683,0.024679108411597837
own,adopters,grocery_d,PLACEBO: grocery/food,2,0.009983571980526873,0.022428277029844353
own,adopters,grocery_d,PLACEBO: grocery/food,3,0.026659627784063396,0.02288459471198456
own,adopters,grocery_d,PLACEBO: grocery/food,4,0.03990879665739745,0.024755870741970155
own,adopters,grocery_d,PLACEBO: grocery/food,5,0.06055098034886667,0.02582065779710318
own,adopters,grocery_d,PLACEBO: grocery/food,6,0.03278840169242773,0.026346506892181234
own,adopters,grocery_d,PLACEBO: grocery/food,7,0.03616551978531534,0.030107500361035065
own,adopters,grocery_d,PLACEBO: grocery/food,8,0.11136735585169066,0.03878647838627835
own,placebo,grocery_d,PLACEBO: grocery/food,-8,0.0024292541562414127,0.00172824182466317
own,placebo,grocery_d,PLACEBO: grocery/food,-7,-0.00043680592539989974,0.001242074512863231
own,placebo,grocery_d,PLACEBO: grocery/food,-6,0.000704992895906151,0.0013106260501721877
own,placebo,grocery_d,PLACEBO: grocery/food,-5,0.002938475723086304,0.0014670517433890513
own,placebo,grocery_d,PLACEBO: grocery/food,-4,0.00147605949013504,0.0017336511972713506
own,placebo,grocery_d,PLACEBO: grocery/food,-3,0.0023427398394397073,0.001634583834981322
own,placebo,grocery_d,PLACEBO: grocery/food,-2,-0.004722652510111152,0.0019177634680304263
own,placebo,grocery_d,PLACEBO: grocery/food,-1,-0.0020871906226637,0.001679967024436434
own,placebo,grocery_d,PLACEBO: grocery/food,0,-0.005291042439777756,0.02188235147443744
own,placebo,grocery_d,PLACEBO: grocery/food,1,-0.013434257072547147,0.022323644807536645
own,placebo,grocery_d,PLACEBO: grocery/food,2,-0.03903116813246388,0.022319410730409658
own,placebo,grocery_d,PLACEBO: grocery/food,3,-0.008737750186869522,0.02191706447532627
own,placebo,grocery_d,PLACEBO: grocery/food,4,-0.02900949366679838,0.02286862169051697
own,placebo,grocery_d,PLACEBO: grocery/food,5,-0.02404827428656185,0.02398864432997278
own,placebo,grocery_d,PLACEBO: grocery/food,6,-0.019919016697365937,0.025252303362956186
own,placebo,grocery_d,PLACEBO: grocery/food,7,-0.024318483211541356,0.026699398591372353
own,placebo,grocery_d,PLACEBO: grocery/food,8,0.024367416487994044,0.0322395914892939
own,adopters,ln_n,General: ln(1+#purchases),-8,0.0039970909615721535,0.007565207465118716
own,adopters,ln_n,General: ln(1+#purchases),-7,0.0005845896427617192,0.007746655249296618
own,adopters,ln_n,General: ln(1+#purchases),-6,0.0025742757679517916,0.0076782852296553
own,adopters,ln_n,General: ln(1+#purchases),-5,0.011633749947304612,0.007438398298557758
own,adopters,ln_n,General: ln(1+#purchases),-4,0.004384923669648776,0.007746036514896203
own,adopters,ln_n,General: ln(1+#purchases),-3,0.0024786593732885917,0.008657960354335473
own,adopters,ln_n,General: ln(1+#purchases),-2,-0.002448733450175697,0.008037612854485532
own,adopters,ln_n,General: ln(1+#purchases),-1,0.02622419543448208,0.009056822775642768
own,adopters,ln_n,General: ln(1+#purchases),0,0.30588372686959764,0.04274119587724096
own,adopters,ln_n,General: ln(1+#purchases),1,0.17798480974381153,0.04621224245829036
own,adopters,ln_n,General: ln(1+#purchases),2,0.12149069613672335,0.05160151048070769
own,adopters,ln_n,General: ln(1+#purchases),3,0.17602610478026812,0.04844930337036886
own,adopters,ln_n,General: ln(1+#purchases),4,0.15438488958546082,0.0495557807902515
own,adopters,ln_n,General: ln(1+#purchases),5,0.0971292868131584,0.05757382690049775
own,adopters,ln_n,General: ln(1+#purchases),6,0.11688109947493014,0.06584917611741793
own,adopters,ln_n,General: ln(1+#purchases),7,0.13803390079889816,0.07200213827228803
own,adopters,ln_n,General: ln(1+#purchases),8,0.22057500657995305,0.08307880944630135
own,placebo,ln_n,General: ln(1+#purchases),-8,0.008814039430194723,0.008477579025092098
own,placebo,ln_n,General: ln(1+#purchases),-7,0.015574268973728935,0.009602475172226593
own,placebo,ln_n,General: ln(1+#purchases),-6,-0.0018862893776322844,0.010158967573448224
own,placebo,ln_n,General: ln(1+#purchases),-5,-0.0062400663137293574,0.010236881980863371
own,placebo,ln_n,General: ln(1+#purchases),-4,0.004757800772962562,0.008877099477208224
own,placebo,ln_n,General: ln(1+#purchases),-3,-0.007349569502177636,0.009767222915345963
own,placebo,ln_n,General: ln(1+#purchases),-2,-0.00575296163124533,0.009735239058951796
own,placebo,ln_n,General: ln(1+#purchases),-1,-0.005798951300903645,0.011254154769438003
own,placebo,ln_n,General: ln(1+#purchases),0,-0.04629160305039954,0.04825453871320488
own,placebo,ln_n,General: ln(1+#purchases),1,-0.09838295175990613,0.05570593040963644
own,placebo,ln_n,General: ln(1+#purchases),2,-0.060560293395525336,0.056357365786417556
own,placebo,ln_n,General: ln(1+#purchases),3,-0.09422559017535641,0.06171420141731011
own,placebo,ln_n,General: ln(1+#purchases),4,-0.07333007832730161,0.06179542732022031
own,placebo,ln_n,General: ln(1+#purchases),5,-0.21419778116073857,0.06928516946365967
own,placebo,ln_n,General: ln(1+#purchases),6,-0.1230602077152637,0.07168750649041764
own,placebo,ln_n,General: ln(1+#purchases),7,-0.010392366027796645,0.07831034795487068
own,placebo,ln_n,General: ln(1+#purchases),8,-0.0812605547302852,0.08996341890070436
own+ln_n,adopters,run_shoe_d,Running shoe,-8,0.007760804292612753,0.004816033090009154
own+ln_n,adopters,run_shoe_d,Running shoe,-7,0.01077929449074104,0.005361680803409236
own+ln_n,adopters,run_shoe_d,Running shoe,-6,0.011700894813160336,0.006364695506176787
own+ln_n,adopters,run_shoe_d,Running shoe,-5,0.010636649625399106,0.006215442792255737
own+ln_n,adopters,run_shoe_d,Running shoe,-4,0.003926963414703353,0.005263141525491886
own+ln_n,adopters,run_shoe_d,Running shoe,-3,0.008700580381386819,0.005475418273836251
own+ln_n,adopters,run_shoe_d,Running shoe,-2,0.010691522574671151,0.005911713756556314
own+ln_n,adopters,run_shoe_d,Running shoe,-1,0.02540066044061765,0.008114593703660475
own+ln_n,adopters,run_shoe_d,Running shoe,0,0.025047275527978308,0.01337434927574026
own+ln_n,adopters,run_shoe_d,Running shoe,1,0.001151858268776844,0.01215121073783493
own+ln_n,adopters,run_shoe_d,Running shoe,2,0.020274086148669438,0.014087856063528947
own+ln_n,adopters,run_shoe_d,Running shoe,3,0.002287199372125225,0.01309619354679137
own+ln_n,adopters,run_shoe_d,Running shoe,4,0.005436868621781137,0.01336583166752869
own+ln_n,adopters,run_shoe_d,Running shoe,5,0.0050890532554288045,0.014206478185621771
own+ln_n,adopters,run_shoe_d,Running shoe,6,0.02524616575970791,0.016972511646828416
own+ln_n,adopters,run_shoe_d,Running shoe,7,0.02873600662941821,0.02090956615954779
own+ln_n,adopters,run_shoe_d,Running shoe,8,0.007428911379146793,0.018254672425271574
own+ln_n,placebo,run_shoe_d,Running shoe,-8,0.0004193810716072544,0.0037143189969414364
own+ln_n,placebo,run_shoe_d,Running shoe,-7,0.0029847094997227184,0.0037790980200334843
own+ln_n,placebo,run_shoe_d,Running shoe,-6,0.00675180621029991,0.005401481743802322
own+ln_n,placebo,run_shoe_d,Running shoe,-5,0.007299796143573394,0.004625788359180909
own+ln_n,placebo,run_shoe_d,Running shoe,-4,-0.002814437542457057,0.0029304697832497257
own+ln_n,placebo,run_shoe_d,Running shoe,-3,0.008587733510695358,0.00590888412680654
own+ln_n,placebo,run_shoe_d,Running shoe,-2,0.013876343355505978,0.006708718313508084
own+ln_n,placebo,run_shoe_d,Running shoe,-1,0.008273949485111213,0.005859135887030735
own+ln_n,placebo,run_shoe_d,Running shoe,0,-0.013955874900698157,0.002794538363914998
own+ln_n,placebo,run_shoe_d,Running shoe,1,-0.0008684870269122133,0.007009946657578983
own+ln_n,placebo,run_shoe_d,Running shoe,2,0.013027069558083974,0.010588619812717675
own+ln_n,placebo,run_shoe_d,Running shoe,3,-0.0009373841445308881,0.010350545874182467
own+ln_n,placebo,run_shoe_d,Running shoe,4,0.01885232446879902,0.011469063073428775
own+ln_n,placebo,run_shoe_d,Running shoe,5,0.005157630358436393,0.010837060605019577
own+ln_n,placebo,run_shoe_d,Running shoe,6,-0.0012921277730800437,0.011291501686386781
own+ln_n,placebo,run_shoe_d,Running shoe,7,-0.003956531723732757,0.009381171306882971
own+ln_n,placebo,run_shoe_d,Running shoe,8,0.003890537545448024,0.015100352055265422
own+ln_n,adopters,run_any_d,Running-related (keyword),-8,0.024519448665896684,0.008037996950553636
own+ln_n,adopters,run_any_d,Running-related (keyword),-7,-0.0008272607412695196,0.007046071894077558
own+ln_n,adopters,run_any_d,Running-related (keyword),-6,0.031956691030523766,0.009346221390455559
own+ln_n,adopters,run_any_d,Running-related (keyword),-5,-0.004657576450520098,0.00773163421899617
own+ln_n,adopters,run_any_d,Running-related (keyword),-4,0.008819870494622682,0.008794701373181444
own+ln_n,adopters,run_any_d,Running-related (keyword),-3,0.008929141683957772,0.009495950921985932
own+ln_n,adopters,run_any_d,Running-related (keyword),-2,0.013946077147893171,0.009331497956579218
own+ln_n,adopters,run_any_d,Running-related (keyword),-1,0.04902941797117693,0.010443445485424476
own+ln_n,adopters,run_any_d,Running-related (keyword),0,0.08702805940681427,0.02539184244360143
own+ln_n,adopters,run_any_d,Running-related (keyword),1,0.08510763070020778,0.025660750694713044
own+ln_n,adopters,run_any_d,Running-related (keyword),2,0.047681824820765065,0.02544857345366595
own+ln_n,adopters,run_any_d,Running-related (keyword),3,0.02596767762108869,0.02341108881823537
own+ln_n,adopters,run_any_d,Running-related (keyword),4,0.03163408233489086,0.024792688447196263
own+ln_n,adopters,run_any_d,Running-related (keyword),5,0.019031892524001916,0.0259535587971034
own+ln_n,adopters,run_any_d,Running-related (keyword),6,0.002492987867023997,0.027893113116501448
own+ln_n,adopters,run_any_d,Running-related (keyword),7,0.05896496271098866,0.034285905123023874
own+ln_n,adopters,run_any_d,Running-related (keyword),8,0.021169279126685422,0.03495980110776635
own+ln_n,placebo,run_any_d,Running-related (keyword),-8,-0.001319367578275249,0.005496094519313693
own+ln_n,placebo,run_any_d,Running-related (keyword),-7,0.013765944546282499,0.008566810433603732
own+ln_n,placebo,run_any_d,Running-related (keyword),-6,0.01665790361925803,0.008968744322053903
own+ln_n,placebo,run_any_d,Running-related (keyword),-5,0.00939766392187003,0.007729080221302436
own+ln_n,placebo,run_any_d,Running-related (keyword),-4,0.0022176736962320857,0.008814267138713906
own+ln_n,placebo,run_any_d,Running-related (keyword),-3,0.02768252051817427,0.010019896835649057
own+ln_n,placebo,run_any_d,Running-related (keyword),-2,0.0015777991397388496,0.007862827117831577
own+ln_n,placebo,run_any_d,Running-related (keyword),-1,0.014023961235064815,0.009114248855233448
own+ln_n,placebo,run_any_d,Running-related (keyword),0,-0.01644350612205792,0.01833864030443657
own+ln_n,placebo,run_any_d,Running-related (keyword),1,-9.517195554379077e-06,0.018376786937102742
own+ln_n,placebo,run_any_d,Running-related (keyword),2,-0.012303505077060573,0.019055437388138977
own+ln_n,placebo,run_any_d,Running-related (keyword),3,0.015058905338337819,0.02017857258767879
own+ln_n,placebo,run_any_d,Running-related (keyword),4,0.01304820704177989,0.02161321182034662
own+ln_n,placebo,run_any_d,Running-related (keyword),5,0.0016229626247279468,0.01837382828112348
own+ln_n,placebo,run_any_d,Running-related (keyword),6,-0.02280294593568876,0.0232396451652385
own+ln_n,placebo,run_any_d,Running-related (keyword),7,0.014059909936543385,0.026519838694025553
own+ln_n,placebo,run_any_d,Running-related (keyword),8,0.018419710213947282,0.03098008086493263
own+ln_n,adopters,fit_gear_d,Fitness gear,-8,0.018016723233944754,0.0075294467195718305
own+ln_n,adopters,fit_gear_d,Fitness gear,-7,0.0018055649559261429,0.0067502389313232845
own+ln_n,adopters,fit_gear_d,Fitness gear,-6,0.01995750005945422,0.008773472036104263
own+ln_n,adopters,fit_gear_d,Fitness gear,-5,0.01646024402136605,0.007992573545967871
own+ln_n,adopters,fit_gear_d,Fitness gear,-4,0.021637237384724815,0.00899760919389331
own+ln_n,adopters,fit_gear_d,Fitness gear,-3,0.003259506445578851,0.006907178202540489
own+ln_n,adopters,fit_gear_d,Fitness gear,-2,0.03339871583965931,0.009041911347369638
own+ln_n,adopters,fit_gear_d,Fitness gear,-1,0.027198367962984565,0.009805339098776565
own+ln_n,adopters,fit_gear_d,Fitness gear,0,0.04190136865537738,0.02057502931255587
own+ln_n,adopters,fit_gear_d,Fitness gear,1,0.03201462111332148,0.019792688280098617
own+ln_n,adopters,fit_gear_d,Fitness gear,2,-0.003226042796165498,0.01850520068453392
own+ln_n,adopters,fit_gear_d,Fitness gear,3,0.012775756796244245,0.01960142576116108
own+ln_n,adopters,fit_gear_d,Fitness gear,4,0.04008482633121703,0.022133433150717093
own+ln_n,adopters,fit_gear_d,Fitness gear,5,0.013246243710660558,0.020441765352488882
own+ln_n,adopters,fit_gear_d,Fitness gear,6,0.03362949849674059,0.022007696589878615
own+ln_n,adopters,fit_gear_d,Fitness gear,7,-0.013572627984870297,0.02378055258753197
own+ln_n,adopters,fit_gear_d,Fitness gear,8,0.03263052658957298,0.030756245145595787
own+ln_n,placebo,fit_gear_d,Fitness gear,-8,0.0057521417245853645,0.006346323154806554
own+ln_n,placebo,fit_gear_d,Fitness gear,-7,0.005870929921116615,0.007131331015307217
own+ln_n,placebo,fit_gear_d,Fitness gear,-6,0.014836372474003687,0.0077517859900188895
own+ln_n,placebo,fit_gear_d,Fitness gear,-5,0.01626226498684435,0.007757572238032555
own+ln_n,placebo,fit_gear_d,Fitness gear,-4,0.005593900502015094,0.0063381977117123655
own+ln_n,placebo,fit_gear_d,Fitness gear,-3,0.0007281671729033966,0.005894237001291317
own+ln_n,placebo,fit_gear_d,Fitness gear,-2,0.01297057923063183,0.006488289655620165
own+ln_n,placebo,fit_gear_d,Fitness gear,-1,0.0033544770218936278,0.007121404933475594
own+ln_n,placebo,fit_gear_d,Fitness gear,0,-0.018549206592105755,0.01337792126313646
own+ln_n,placebo,fit_gear_d,Fitness gear,1,-0.02428883623053522,0.011231118658430921
own+ln_n,placebo,fit_gear_d,Fitness gear,2,-0.0015249168930303453,0.0149676729184252
own+ln_n,placebo,fit_gear_d,Fitness gear,3,-0.009391016289225645,0.013861882595101082
own+ln_n,placebo,fit_gear_d,Fitness gear,4,-0.019028713369503975,0.014395604370231407
own+ln_n,placebo,fit_gear_d,Fitness gear,5,-0.025385198399420345,0.014170114677782484
own+ln_n,placebo,fit_gear_d,Fitness gear,6,-0.019215661043955275,0.017728595679010646
own+ln_n,placebo,fit_gear_d,Fitness gear,7,0.002343263557619855,0.020007121266380583
own+ln_n,placebo,fit_gear_d,Fitness gear,8,0.003042642240737524,0.022349638181744357
own+ln_n,adopters,supp_d,Supplements,-8,0.015010632016843781,0.009566643910190869
own+ln_n,adopters,supp_d,Supplements,-7,0.006272968065721347,0.009370659099762361
own+ln_n,adopters,supp_d,Supplements,-6,-0.01457449537454572,0.008174159734407164
own+ln_n,adopters,supp_d,Supplements,-5,0.009381993405284148,0.008902379843396058
own+ln_n,adopters,supp_d,Supplements,-4,0.01318870164967507,0.009385879487451848
own+ln_n,adopters,supp_d,Supplements,-3,0.0032427216903089355,0.008625075946248985
own+ln_n,adopters,supp_d,Supplements,-2,-0.003341242800345646,0.009286745556745317
own+ln_n,adopters,supp_d,Supplements,-1,0.018198317860884158,0.010673799266824185
own+ln_n,adopters,supp_d,Supplements,0,0.06002627250899623,0.025609567852455193
own+ln_n,adopters,supp_d,Supplements,1,0.07771233415906514,0.026416406101584862
own+ln_n,adopters,supp_d,Supplements,2,0.059643330348712595,0.0247795390290798
own+ln_n,adopters,supp_d,Supplements,3,0.042064200371422694,0.025893750372757866
own+ln_n,adopters,supp_d,Supplements,4,0.050688908198053426,0.025934940812452588
own+ln_n,adopters,supp_d,Supplements,5,0.06695945540959151,0.028532198887318755
own+ln_n,adopters,supp_d,Supplements,6,0.07632137280554928,0.030935323951908792
own+ln_n,adopters,supp_d,Supplements,7,0.07382541378924524,0.03747007180784427
own+ln_n,adopters,supp_d,Supplements,8,0.02685309837683975,0.04030017852554754
own+ln_n,placebo,supp_d,Supplements,-8,0.004442175424621695,0.009723799981382515
own+ln_n,placebo,supp_d,Supplements,-7,-0.016210144692434154,0.008317271846884359
own+ln_n,placebo,supp_d,Supplements,-6,-0.004193703645670579,0.006787765662059898
own+ln_n,placebo,supp_d,Supplements,-5,0.023560377027363605,0.01095224514722594
own+ln_n,placebo,supp_d,Supplements,-4,0.021000697113519744,0.010948617581299863
own+ln_n,placebo,supp_d,Supplements,-3,0.002901070047622522,0.009771543100489196
own+ln_n,placebo,supp_d,Supplements,-2,-0.006371576542058956,0.009194076454406706
own+ln_n,placebo,supp_d,Supplements,-1,0.011284876226543339,0.010597334832471413
own+ln_n,placebo,supp_d,Supplements,0,0.028643060765331053,0.023023307259913518
own+ln_n,placebo,supp_d,Supplements,1,-0.021837883364421443,0.022994772884167982
own+ln_n,placebo,supp_d,Supplements,2,0.014096738158681283,0.02359914607824862
own+ln_n,placebo,supp_d,Supplements,3,-0.00762293586790152,0.02482306499626867
own+ln_n,placebo,supp_d,Supplements,4,-0.01109169077283558,0.024874210041428264
own+ln_n,placebo,supp_d,Supplements,5,-0.030879480324803414,0.02629366174640125
own+ln_n,placebo,supp_d,Supplements,6,-0.02861634585298224,0.028142769886552142
own+ln_n,placebo,supp_d,Supplements,7,0.018937575150211754,0.033949629628613344
own+ln_n,placebo,supp_d,Supplements,8,-0.059264170924455996,0.03192872291524666
own+ln_n,adopters,med_d,Medication,-8,0.005577164672899448,0.007195490706689649
own+ln_n,adopters,med_d,Medication,-7,0.0039282658628036525,0.007676123916328797
own+ln_n,adopters,med_d,Medication,-6,0.005252301855691619,0.0071636959928588735
own+ln_n,adopters,med_d,Medication,-5,-0.00387384060407496,0.006659042270141578
own+ln_n,adopters,med_d,Medication,-4,-0.008301234507909474,0.008027170670727375
own+ln_n,adopters,med_d,Medication,-3,-0.010487326413344909,0.0073263376766232536
own+ln_n,adopters,med_d,Medication,-2,0.00013694838344525476,0.0073685271096969535
own+ln_n,adopters,med_d,Medication,-1,0.012206326486953857,0.009253469759314712
own+ln_n,adopters,med_d,Medication,0,0.020511963676956985,0.021894025544714805
own+ln_n,adopters,med_d,Medication,1,0.007449903758752254,0.021100385469854113
own+ln_n,adopters,med_d,Medication,2,-0.02365292599021594,0.021533344491683634
own+ln_n,adopters,med_d,Medication,3,0.0007009269694983003,0.022764062425348633
own+ln_n,adopters,med_d,Medication,4,-0.008250305524581537,0.021538402760550506
own+ln_n,adopters,med_d,Medication,5,0.006800101359703611,0.024653283785589324
own+ln_n,adopters,med_d,Medication,6,-0.04979556533017805,0.02626015890458979
own+ln_n,adopters,med_d,Medication,7,0.03576605667778703,0.03367902307292685
own+ln_n,adopters,med_d,Medication,8,0.024440530826502507,0.03741103110178454
own+ln_n,placebo,med_d,Medication,-8,0.006351930388036381,0.007744287955935677
own+ln_n,placebo,med_d,Medication,-7,0.005106958933663484,0.00631255957125007
own+ln_n,placebo,med_d,Medication,-6,0.011049795368799993,0.008260903033716347
own+ln_n,placebo,med_d,Medication,-5,-0.006557965212552212,0.005822713635947917
own+ln_n,placebo,med_d,Medication,-4,0.013467200229585287,0.0077682259413171815
own+ln_n,placebo,med_d,Medication,-3,0.0218108309203726,0.008526037556652715
own+ln_n,placebo,med_d,Medication,-2,-0.0016370596535293254,0.006908277465018613
own+ln_n,placebo,med_d,Medication,-1,0.017759296062335197,0.008745576705725655
own+ln_n,placebo,med_d,Medication,0,0.0411155256646368,0.020214782244583406
own+ln_n,placebo,med_d,Medication,1,0.02155704073673722,0.02071090459753999
own+ln_n,placebo,med_d,Medication,2,0.002540388261220823,0.018940948960706274
own+ln_n,placebo,med_d,Medication,3,-0.01991075134795269,0.0191758585890861
own+ln_n,placebo,med_d,Medication,4,0.021739740702953203,0.02159418917490697
own+ln_n,placebo,med_d,Medication,5,0.03452009603345236,0.024131036221478316
own+ln_n,placebo,med_d,Medication,6,0.05040079767468745,0.028137138531994975
own+ln_n,placebo,med_d,Medication,7,0.0181733895620625,0.0296643046438784
own+ln_n,placebo,med_d,Medication,8,0.022278896418839348,0.03357550664075098
own+ln_n,adopters,pet_d,PLACEBO: pet,-8,0.014720708372602701,0.008731654373904673
own+ln_n,adopters,pet_d,PLACEBO: pet,-7,0.01373101906880368,0.008120930203697363
own+ln_n,adopters,pet_d,PLACEBO: pet,-6,0.011662996842636582,0.009149344070856252
own+ln_n,adopters,pet_d,PLACEBO: pet,-5,0.007638665235797418,0.007909417441800569
own+ln_n,adopters,pet_d,PLACEBO: pet,-4,-0.003519585924567568,0.008390511331625463
own+ln_n,adopters,pet_d,PLACEBO: pet,-3,-0.008969316520029578,0.008312618287042965
own+ln_n,adopters,pet_d,PLACEBO: pet,-2,0.024219235225847773,0.008574567786859713
own+ln_n,adopters,pet_d,PLACEBO: pet,-1,0.026965103122514277,0.011409515820255097
own+ln_n,adopters,pet_d,PLACEBO: pet,0,0.04525489793896071,0.023750408185155527
own+ln_n,adopters,pet_d,PLACEBO: pet,1,0.046569351094064175,0.02330299512959319
own+ln_n,adopters,pet_d,PLACEBO: pet,2,0.027353525236028194,0.02314247950426474
own+ln_n,adopters,pet_d,PLACEBO: pet,3,0.01305350871003292,0.023406163935302073
own+ln_n,adopters,pet_d,PLACEBO: pet,4,0.01292022959126161,0.02500365040255813
own+ln_n,adopters,pet_d,PLACEBO: pet,5,0.0031012181240466395,0.02541207323984466
own+ln_n,adopters,pet_d,PLACEBO: pet,6,-0.027558794069061053,0.02795755314651679
own+ln_n,adopters,pet_d,PLACEBO: pet,7,0.002082480534009939,0.03333445934704451
own+ln_n,adopters,pet_d,PLACEBO: pet,8,0.011484720161195488,0.03598031103454258
own+ln_n,placebo,pet_d,PLACEBO: pet,-8,0.016544154536122745,0.009043685841807788
own+ln_n,placebo,pet_d,PLACEBO: pet,-7,0.0027825283415738146,0.008685031723105677
own+ln_n,placebo,pet_d,PLACEBO: pet,-6,0.007724857989734422,0.008336551786945524
own+ln_n,placebo,pet_d,PLACEBO: pet,-5,-0.0002903236994419963,0.00868088318907187
own+ln_n,placebo,pet_d,PLACEBO: pet,-4,0.010674804890054753,0.010081133641102417
own+ln_n,placebo,pet_d,PLACEBO: pet,-3,0.01380249938842247,0.008397143831850895
own+ln_n,placebo,pet_d,PLACEBO: pet,-2,0.004171085161559572,0.008746713575964325
own+ln_n,placebo,pet_d,PLACEBO: pet,-1,0.008694766932393317,0.009190500630355751
own+ln_n,placebo,pet_d,PLACEBO: pet,0,-0.013877094105305665,0.022194365387288445
own+ln_n,placebo,pet_d,PLACEBO: pet,1,-0.014214485128996939,0.021531854770941446
own+ln_n,placebo,pet_d,PLACEBO: pet,2,0.007803593496953347,0.024618720326875967
own+ln_n,placebo,pet_d,PLACEBO: pet,3,-0.0011755105649753138,0.024030576866493087
own+ln_n,placebo,pet_d,PLACEBO: pet,4,0.010984086153394461,0.02647781785435328
own+ln_n,placebo,pet_d,PLACEBO: pet,5,-0.02079033943829681,0.025398840528088135
own+ln_n,placebo,pet_d,PLACEBO: pet,6,-0.06415113382699594,0.026564516429131067
own+ln_n,placebo,pet_d,PLACEBO: pet,7,-0.04312058821700978,0.033699017013440156
own+ln_n,placebo,pet_d,PLACEBO: pet,8,-0.047343636245779926,0.0378470065800131
own+ln_n,adopters,book_d,PLACEBO: books,-8,0.007576460358664526,0.009783808322378419
own+ln_n,adopters,book_d,PLACEBO: books,-7,0.01238485285504351,0.010936288086181752
own+ln_n,adopters,book_d,PLACEBO: books,-6,0.007631524418641079,0.010051446858262343
own+ln_n,adopters,book_d,PLACEBO: books,-5,0.00016975227945630864,0.010550247671755284
own+ln_n,adopters,book_d,PLACEBO: books,-4,0.004645356817609544,0.01002737908219145
own+ln_n,adopters,book_d,PLACEBO: books,-3,0.009934118571343008,0.01060201082809257
own+ln_n,adopters,book_d,PLACEBO: books,-2,-0.0074789682540514725,0.01032120511510828
own+ln_n,adopters,book_d,PLACEBO: books,-1,0.004215999847923896,0.0110688712841539
own+ln_n,adopters,book_d,PLACEBO: books,0,0.10676110249767122,0.027072638118988898
own+ln_n,adopters,book_d,PLACEBO: books,1,0.0621882681233405,0.027294642823508075
own+ln_n,adopters,book_d,PLACEBO: books,2,-0.015182702253479816,0.028912419753810446
own+ln_n,adopters,book_d,PLACEBO: books,3,0.031056036898341008,0.029979072060556
own+ln_n,adopters,book_d,PLACEBO: books,4,0.03816248961277905,0.02926233180220731
own+ln_n,adopters,book_d,PLACEBO: books,5,0.030133625069808385,0.030651321997292577
own+ln_n,adopters,book_d,PLACEBO: books,6,0.00035048568974339065,0.033969209882103175
own+ln_n,adopters,book_d,PLACEBO: books,7,0.015420926538386745,0.03683616436512954
own+ln_n,adopters,book_d,PLACEBO: books,8,0.08849014135220487,0.04543264500790147
own+ln_n,placebo,book_d,PLACEBO: books,-8,-0.00306913782321481,0.010608441518990536
own+ln_n,placebo,book_d,PLACEBO: books,-7,0.007950171752821419,0.01146455037398955
own+ln_n,placebo,book_d,PLACEBO: books,-6,0.0254371456330572,0.011478849329541909
own+ln_n,placebo,book_d,PLACEBO: books,-5,-0.004639622988872892,0.011122542694913282
own+ln_n,placebo,book_d,PLACEBO: books,-4,-0.00305670071002676,0.01093787868798576
own+ln_n,placebo,book_d,PLACEBO: books,-3,0.0033905757270928385,0.011624071626308794
own+ln_n,placebo,book_d,PLACEBO: books,-2,0.004846735682022822,0.01126342276673247
own+ln_n,placebo,book_d,PLACEBO: books,-1,-0.006855475956457613,0.0107796148215728
own+ln_n,placebo,book_d,PLACEBO: books,0,0.010938598420616293,0.028226122161324974
own+ln_n,placebo,book_d,PLACEBO: books,1,0.006891294012005812,0.026132292385740656
own+ln_n,placebo,book_d,PLACEBO: books,2,0.0020639236932908397,0.0273957301699534
own+ln_n,placebo,book_d,PLACEBO: books,3,-0.012540593213012359,0.026542680780798068
own+ln_n,placebo,book_d,PLACEBO: books,4,0.012690135063928326,0.030498952367542548
own+ln_n,placebo,book_d,PLACEBO: books,5,-0.013457313351552591,0.03154925075321984
own+ln_n,placebo,book_d,PLACEBO: books,6,0.021638383700889986,0.03165088187702302
own+ln_n,placebo,book_d,PLACEBO: books,7,0.03744336229492691,0.037179353281921824
own+ln_n,placebo,book_d,PLACEBO: books,8,0.036842563383767075,0.04151465595293042
own+ln_n,adopters,grocery_d,PLACEBO: grocery/food,-8,-0.011030938412244678,0.007279459229448137
own+ln_n,adopters,grocery_d,PLACEBO: grocery/food,-7,0.02050219028842072,0.007865005401285931
own+ln_n,adopters,grocery_d,PLACEBO: grocery/food,-6,0.009267465594960476,0.009056748352743013
own+ln_n,adopters,grocery_d,PLACEBO: grocery/food,-5,0.008325083146562983,0.008364045028857884
own+ln_n,adopters,grocery_d,PLACEBO: grocery/food,-4,0.01208800709117566,0.008434454010148022
own+ln_n,adopters,grocery_d,PLACEBO: grocery/food,-3,0.007142320243249243,0.008275542095531767
own+ln_n,adopters,grocery_d,PLACEBO: grocery/food,-2,-0.0005364590929919205,0.008402366411290055
own+ln_n,adopters,grocery_d,PLACEBO: grocery/food,-1,-0.031683377054858665,0.008507079208436654
own+ln_n,adopters,grocery_d,PLACEBO: grocery/food,0,-0.001911496201565901,0.022705210111765843
own+ln_n,adopters,grocery_d,PLACEBO: grocery/food,1,-0.0007233351444823656,0.023087474323595435
own+ln_n,adopters,grocery_d,PLACEBO: grocery/food,2,-0.033023510192234165,0.02395958513899728
own+ln_n,adopters,grocery_d,PLACEBO: grocery/food,3,-0.001154371377954722,0.02465704462362627
own+ln_n,adopters,grocery_d,PLACEBO: grocery/food,4,0.015086857716298946,0.024271593062450636
own+ln_n,adopters,grocery_d,PLACEBO: grocery/food,5,0.024526112155673248,0.02494230042169298
own+ln_n,adopters,grocery_d,PLACEBO: grocery/food,6,0.013108665344207173,0.02753178059846545
own+ln_n,adopters,grocery_d,PLACEBO: grocery/food,7,0.016904034503005448,0.03178984635645464
own+ln_n,adopters,grocery_d,PLACEBO: grocery/food,8,0.04000808030973049,0.03882561745004376
own+ln_n,placebo,grocery_d,PLACEBO: grocery/food,-8,0.011763480368982757,0.008215590366851341
own+ln_n,placebo,grocery_d,PLACEBO: grocery/food,-7,0.008421890678757605,0.00798156503468511
own+ln_n,placebo,grocery_d,PLACEBO: grocery/food,-6,0.01580861327172206,0.009847677607161235
own+ln_n,placebo,grocery_d,PLACEBO: grocery/food,-5,-0.0016209861875211373,0.007326589880967004
own+ln_n,placebo,grocery_d,PLACEBO: grocery/food,-4,0.015571474813453447,0.010324102478392008
own+ln_n,placebo,grocery_d,PLACEBO: grocery/food,-3,0.029725613799144745,0.009718595318321551
own+ln_n,placebo,grocery_d,PLACEBO: grocery/food,-2,-0.008706363128524361,0.007952160073857859
own+ln_n,placebo,grocery_d,PLACEBO: grocery/food,-1,-0.009261832147840203,0.008763993128069211
own+ln_n,placebo,grocery_d,PLACEBO: grocery/food,0,0.005484970351747651,0.020796097254014805
own+ln_n,placebo,grocery_d,PLACEBO: grocery/food,1,0.00047544776471660367,0.02153188036274086
own+ln_n,placebo,grocery_d,PLACEBO: grocery/food,2,-0.04520553764874733,0.020784938907108506
own+ln_n,placebo,grocery_d,PLACEBO: grocery/food,3,-0.006725605696571891,0.022529873568114412
own+ln_n,placebo,grocery_d,PLACEBO: grocery/food,4,-0.04102054869440979,0.021484999980979327
own+ln_n,placebo,grocery_d,PLACEBO: grocery/food,5,-0.0194301518679518,0.02400920802634568
own+ln_n,placebo,grocery_d,PLACEBO: grocery/food,6,-0.019315997728303377,0.026536844794147366
own+ln_n,placebo,grocery_d,PLACEBO: grocery/food,7,-0.038789366661901435,0.027612945481570957
own+ln_n,placebo,grocery_d,PLACEBO: grocery/food,8,0.002755835284277196,0.03536607880947889
