match,kind,outcome,name,post_att,post_se,n_units,pre_rmse,pre_rms_level
own,adopters,run_shoe_d,Running shoe,0.016797500661426816,0.006089358412190166,288,0.008591878315704599,0.08638364040543109
own,placebo,run_shoe_d,Running shoe,0.0014714433780202774,0.004501266528306629,265,0.002537579140379008,0.04129154450061808
own,adopters,run_any_d,Running-related (keyword),0.06980994073624808,0.011892787878187663,288,0.011269030138793518,0.27660506108149835
own,placebo,run_any_d,Running-related (keyword),0.003642122975203435,0.009080341026671624,265,0.004795593398944997,0.15822845411687894
own,adopters,fit_gear_d,Fitness gear,0.033480115292035255,0.009054727633397732,288,0.004976017081605194,0.2058944432822008
own,placebo,fit_gear_d,Fitness gear,-0.016753840689425717,0.0063027859604008465,265,0.0033012255980674975,0.10095617457492279
own,adopters,supp_d,Supplements,0.10018936422047735,0.016392256457186054,288,0.004331557470151704,0.3750386787821969
own,placebo,supp_d,Supplements,-0.005835104399604538,0.014619188961391345,265,0.002686338058670014,0.2355179944857348
own,adopters,med_d,Medication,0.013671760321943862,0.01250896746570495,288,0.005955246194578722,0.21816148583659428
own,placebo,med_d,Medication,0.0018077416283991394,0.012044344050690992,265,0.002972399031630223,0.1417077011753742
own,adopters,pet_d,PLACEBO: pet,0.03643403050619179,0.015977527324238475,288,0.005855850877140244,0.3958376627425402
own,placebo,pet_d,PLACEBO: pet,-0.012818730986786266,0.014678412761779145,265,0.0020978048221153545,0.2565859867321465
own,adopters,book_d,PLACEBO: books,0.05689250388334546,0.014856699038121632,288,0.0013844047306354526,0.5863105286215152
own,placebo,book_d,PLACEBO: books,0.0167951141977973,0.01605710370183503,265,0.002523312646423755,0.43875774043809335
own,adopters,grocery_d,PLACEBO: grocery/food,0.039131905047248665,0.014914609672986452,288,0.005632972775571517,0.2944711359177768
own,placebo,grocery_d,PLACEBO: grocery/food,-0.016206319864438712,0.014712116353152322,265,0.0024248390055162756,0.2030246023193025
own,adopters,ln_n,General: ln(1+#purchases),0.17613428296072314,0.03819239859863939,288,0.06479287538608364,2.9918392853418654
own,placebo,ln_n,General: ln(1+#purchases),-0.03224780141669668,0.044325810311055244,265,0.06912511980512541,2.3088678490648062
own+ln_n,adopters,run_shoe_d,Running shoe,0.010730793802272562,0.006422278641814861,288,0.04155725926801395,0.08638364040543109
own+ln_n,placebo,run_shoe_d,Running shoe,0.0067383109523326944,0.004896782494674156,265,0.026960942819510746,0.04129154450061808
own+ln_n,adopters,run_any_d,Running-related (keyword),0.04334433203334293,0.012259097457078085,288,0.09960919282769423,0.27660506108149835
own+ln_n,placebo,run_any_d,Running-related (keyword),0.013970680019793656,0.009097882276896029,265,0.07767992648290367,0.15822845411687894
own+ln_n,adopters,fit_gear_d,Fitness gear,0.020792709849100914,0.008900316443285164,288,0.08315097336087336,0.2058944432822008
own+ln_n,placebo,fit_gear_d,Fitness gear,-0.009062089951281427,0.005950277337801852,265,0.051736199271654314,0.10095617457492279
own+ln_n,adopters,supp_d,Supplements,0.0680657204265632,0.016556617817369574,288,0.11134106497202412,0.3750386787821969
own+ln_n,placebo,supp_d,Supplements,-0.009621330831136298,0.013718119101318881,265,0.09427543066050932,0.2355179944857348
own+ln_n,adopters,med_d,Medication,-0.008982295910442892,0.012051077919804653,288,0.07597028307593491,0.21816148583659428
own+ln_n,placebo,med_d,Medication,0.015488956918036426,0.012371047388769119,265,0.06536571227320148,0.1417077011753742
own+ln_n,adopters,pet_d,PLACEBO: pet,0.017853066629910295,0.015820500571934223,288,0.09999730825454019,0.3958376627425402
own+ln_n,placebo,pet_d,PLACEBO: pet,-0.009787920502490645,0.015356640241254993,265,0.08616996822762714,0.2565859867321465
own+ln_n,adopters,book_d,PLACEBO: books,0.030327197704824352,0.01503925137149929,288,0.1376688484866096,0.5863105286215152
own+ln_n,placebo,book_d,PLACEBO: books,0.009954085431735408,0.01475760369182258,265,0.13652391033079125,0.43875774043809335
own+ln_n,adopters,grocery_d,PLACEBO: grocery/food,-0.00132750713667902,0.014669662805959563,288,0.09481593848400857,0.2944711359177768
own+ln_n,placebo,grocery_d,PLACEBO: grocery/food,-0.020899962042997856,0.014005456736097332,265,0.08174998798315092,0.2030246023193025
