L,kind,outcome,name,e,att,se
6,adopters,run_shoe_d,Running shoe,-6,0.0020893149027571742,0.0019660791268751475
6,adopters,run_shoe_d,Running shoe,-5,0.003976900584084745,0.0027095146866793042
6,adopters,run_shoe_d,Running shoe,-4,0.0007502235575052888,0.0011066317278733467
6,adopters,run_shoe_d,Running shoe,-3,0.003932569101063337,0.002479419344973886
6,adopters,run_shoe_d,Running shoe,-2,0.0027231020785287775,0.002329795504443042
6,adopters,run_shoe_d,Running shoe,-1,0.004044615915352293,0.0017362584230804358
6,adopters,run_shoe_d,Running shoe,0,0.02938459555352849,0.016249046670203274
6,adopters,run_shoe_d,Running shoe,1,0.020308054558596186,0.015177728973615178
6,adopters,run_shoe_d,Running shoe,2,0.011687232205443826,0.014810776356797496
6,adopters,run_shoe_d,Running shoe,3,0.01598898291785437,0.015340659022819664
6,adopters,run_shoe_d,Running shoe,4,0.0001583117632988817,0.01363330832031807
6,adopters,run_shoe_d,Running shoe,5,0.008991210708786796,0.0151483265357478
6,adopters,run_shoe_d,Running shoe,6,0.02291718112349384,0.01605357959942612
6,placebo,run_shoe_d,Running shoe,-6,0.00269441716299513,0.00176032959767884
6,placebo,run_shoe_d,Running shoe,-5,0.00010417452115671144,0.0009743006076246445
6,placebo,run_shoe_d,Running shoe,-4,0.003045154470754022,0.0015553651872068817
6,placebo,run_shoe_d,Running shoe,-3,0.0001956337427763035,0.001352151839805917
6,placebo,run_shoe_d,Running shoe,-2,0.0022539362997798184,0.0012565685156790362
6,placebo,run_shoe_d,Running shoe,-1,-0.0004837142730441395,0.0017769421422782492
6,placebo,run_shoe_d,Running shoe,0,-0.006162444515138866,0.010484528848527878
6,placebo,run_shoe_d,Running shoe,1,-0.011159945365528594,0.007345794330015927
6,placebo,run_shoe_d,Running shoe,2,-0.0042453317337679,0.010675960409137689
6,placebo,run_shoe_d,Running shoe,3,-0.004280744765535212,0.0095704683354372
6,placebo,run_shoe_d,Running shoe,4,-0.01256975078517149,0.009929418181762482
6,placebo,run_shoe_d,Running shoe,5,0.006252547061902402,0.010430038953348693
6,placebo,run_shoe_d,Running shoe,6,-0.025675152382405433,0.008302727701944979
6,adopters,run_any_d,Running-related (keyword),-6,0.010632142804475867,0.0031218165329779716
6,adopters,run_any_d,Running-related (keyword),-5,0.0060617114680076275,0.0031021497030047866
6,adopters,run_any_d,Running-related (keyword),-4,0.004746259446219621,0.0033639091056937545
6,adopters,run_any_d,Running-related (keyword),-3,0.0074393480224453044,0.003337958790674392
6,adopters,run_any_d,Running-related (keyword),-2,0.003943114953021223,0.003547565810391642
6,adopters,run_any_d,Running-related (keyword),-1,0.015228422780191818,0.0036979782572016217
6,adopters,run_any_d,Running-related (keyword),0,0.09266284393788483,0.028821344274881158
6,adopters,run_any_d,Running-related (keyword),1,0.06766713119679969,0.026788876807498835
6,adopters,run_any_d,Running-related (keyword),2,0.051251562272568815,0.028135772553014422
6,adopters,run_any_d,Running-related (keyword),3,0.05975146451452073,0.02733560339976664
6,adopters,run_any_d,Running-related (keyword),4,0.032215801679383115,0.028179740983827917
6,adopters,run_any_d,Running-related (keyword),5,0.021488695027149996,0.02685352164369923
6,adopters,run_any_d,Running-related (keyword),6,-0.0006841712282870685,0.026018122597099933
6,placebo,run_any_d,Running-related (keyword),-6,0.006939132901550547,0.002364704725416917
6,placebo,run_any_d,Running-related (keyword),-5,0.0034438730533128755,0.0031826292117226487
6,placebo,run_any_d,Running-related (keyword),-4,0.006075433078218703,0.003594859913467305
6,placebo,run_any_d,Running-related (keyword),-3,0.00486988879125379,0.0031865298023088396
6,placebo,run_any_d,Running-related (keyword),-2,0.005976363195848764,0.0027938141353709544
6,placebo,run_any_d,Running-related (keyword),-1,0.003564383646582354,0.002913104495724241
6,placebo,run_any_d,Running-related (keyword),0,0.0115983541008177,0.02056390589907364
6,placebo,run_any_d,Running-related (keyword),1,-0.0031342432091230553,0.019833400494060523
6,placebo,run_any_d,Running-related (keyword),2,0.005248677813694002,0.021589292474840382
6,placebo,run_any_d,Running-related (keyword),3,-0.0007992069581731157,0.019557953307749024
6,placebo,run_any_d,Running-related (keyword),4,-0.01714723574729753,0.020166718915678835
6,placebo,run_any_d,Running-related (keyword),5,0.025272517691296344,0.022027187180632103
6,placebo,run_any_d,Running-related (keyword),6,-0.0078094033540594,0.023253081032203794
6,adopters,fit_gear_d,Fitness gear,-6,0.005867857047365101,0.002604904769469049
6,adopters,fit_gear_d,Fitness gear,-5,0.00045413048159037605,0.0014305681821986265
6,adopters,fit_gear_d,Fitness gear,-4,0.006747861575806517,0.003125742490830496
6,adopters,fit_gear_d,Fitness gear,-3,0.0022649866583980185,0.0017003010426588714
6,adopters,fit_gear_d,Fitness gear,-2,0.004996692489449222,0.002460976211597523
6,adopters,fit_gear_d,Fitness gear,-1,0.00536966132282844,0.0031153580111464804
6,adopters,fit_gear_d,Fitness gear,0,0.02826521099197815,0.022146420091943245
6,adopters,fit_gear_d,Fitness gear,1,0.023501494178654048,0.021055185476640873
6,adopters,fit_gear_d,Fitness gear,2,0.030614494337235808,0.022378931401050475
6,adopters,fit_gear_d,Fitness gear,3,0.005387203093108768,0.020294060377348506
6,adopters,fit_gear_d,Fitness gear,4,0.04368270278246536,0.02367868513947996
6,adopters,fit_gear_d,Fitness gear,5,0.01742190834638905,0.02128704330465255
6,adopters,fit_gear_d,Fitness gear,6,-0.004509854607879779,0.02102395625190405
6,placebo,fit_gear_d,Fitness gear,-6,0.003407222178008745,0.0016510944301732693
6,placebo,fit_gear_d,Fitness gear,-5,0.0050422363167809915,0.0022322622394168215
6,placebo,fit_gear_d,Fitness gear,-4,0.004096086022151742,0.0021569133376708695
6,placebo,fit_gear_d,Fitness gear,-3,0.0032277409280208353,0.0022483535167883563
6,placebo,fit_gear_d,Fitness gear,-2,-0.00014258031370909633,0.002128567732998368
6,placebo,fit_gear_d,Fitness gear,-1,0.007332323722249558,0.002788100682497257
6,placebo,fit_gear_d,Fitness gear,0,0.014963707962446105,0.017129672466731395
6,placebo,fit_gear_d,Fitness gear,1,-0.0021050740442150437,0.015998944346493085
6,placebo,fit_gear_d,Fitness gear,2,0.007763938027086481,0.01582699327043143
6,placebo,fit_gear_d,Fitness gear,3,0.010798848393681136,0.01749033970986864
6,placebo,fit_gear_d,Fitness gear,4,0.006508713086172384,0.01813487810831951
6,placebo,fit_gear_d,Fitness gear,5,0.005859804898834236,0.019070827564042703
6,placebo,fit_gear_d,Fitness gear,6,0.028848935695992044,0.01998542236191864
6,adopters,supp_d,Supplements,-6,0.007807894875561418,0.0041232646959755625
6,adopters,supp_d,Supplements,-5,0.007079875982156858,0.004403772332633776
6,adopters,supp_d,Supplements,-4,0.004302161659020298,0.004660466570916558
6,adopters,supp_d,Supplements,-3,0.009850435527792106,0.004883722111255889
6,adopters,supp_d,Supplements,-2,0.005159010923992763,0.005097984871142604
6,adopters,supp_d,Supplements,-1,0.009027001405278692,0.00570135063271265
6,adopters,supp_d,Supplements,0,0.03516237045126238,0.025701214802401187
6,adopters,supp_d,Supplements,1,0.03667380220359862,0.027842736576586397
6,adopters,supp_d,Supplements,2,0.08269358354478727,0.028132038710944017
6,adopters,supp_d,Supplements,3,0.046316683711481274,0.029899230303509595
6,adopters,supp_d,Supplements,4,0.008411896599824107,0.02744174241726385
6,adopters,supp_d,Supplements,5,0.07773493214442255,0.03057442686790503
6,adopters,supp_d,Supplements,6,0.04966015888918842,0.029024711600830557
6,placebo,supp_d,Supplements,-6,0.011625466941841215,0.005095516432260788
6,placebo,supp_d,Supplements,-5,-0.001799100968798793,0.004264927499436998
6,placebo,supp_d,Supplements,-4,0.009891211083911883,0.0044947670195741585
6,placebo,supp_d,Supplements,-3,0.005125879573540503,0.004878014214465959
6,placebo,supp_d,Supplements,-2,0.008894545257066878,0.005204909152519737
6,placebo,supp_d,Supplements,-1,0.00664698322962556,0.005739333635681853
6,placebo,supp_d,Supplements,0,-0.008885250909804894,0.02137933483250748
6,placebo,supp_d,Supplements,1,-0.04670347821333105,0.022611180685554937
6,placebo,supp_d,Supplements,2,-0.026827520527449696,0.023263947332403074
6,placebo,supp_d,Supplements,3,-0.007654902832023015,0.022695249288980066
6,placebo,supp_d,Supplements,4,-0.026280523961196452,0.02487692998649131
6,placebo,supp_d,Supplements,5,-0.0264455207848998,0.02607904384736973
6,placebo,supp_d,Supplements,6,-0.028074673296848946,0.025365012030475496
6,adopters,med_d,Medication,-6,0.008482394841318767,0.0023270339287279154
6,adopters,med_d,Medication,-5,-0.00018756862626269808,0.0022184855983495492
6,adopters,med_d,Medication,-4,0.0008273859183069924,0.0026909832858334898
6,adopters,med_d,Medication,-3,0.0035978877602253403,0.0030971986490040465
6,adopters,med_d,Medication,-2,0.00826037584781349,0.003107817725817052
6,adopters,med_d,Medication,-1,0.011881827191256557,0.0033384292401864193
6,adopters,med_d,Medication,0,0.02142595234005549,0.022785734116167942
6,adopters,med_d,Medication,1,0.007093435560654498,0.024404586205224715
6,adopters,med_d,Medication,2,-0.054744213266778766,0.022051196309047602
6,adopters,med_d,Medication,3,0.013642327695947745,0.023981230342513645
6,adopters,med_d,Medication,4,-0.025990503752541565,0.02313277541355388
6,adopters,med_d,Medication,5,0.02064994130790164,0.02705662279748929
6,adopters,med_d,Medication,6,-0.005285620117526992,0.027265905962116734
6,placebo,med_d,Medication,-6,0.006089619079301536,0.002579653632449346
6,placebo,med_d,Medication,-5,0.0025929446999923165,0.002498263857547426
6,placebo,med_d,Medication,-4,0.0034136642758381868,0.003000288354476625
6,placebo,med_d,Medication,-3,0.006421910918159062,0.0027494781440456444
6,placebo,med_d,Medication,-2,0.006991176549444148,0.003319791955212269
6,placebo,med_d,Medication,-1,0.007864202827149816,0.0038987749693679564
6,placebo,med_d,Medication,0,-0.0024642994274107085,0.018256550573374067
6,placebo,med_d,Medication,1,-0.0014665296991185684,0.021285097871658856
6,placebo,med_d,Medication,2,-0.025424444991929307,0.021528036958290024
6,placebo,med_d,Medication,3,-0.012286425305472441,0.021519153913844874
6,placebo,med_d,Medication,4,0.03320854616215841,0.02197766503097647
6,placebo,med_d,Medication,5,0.011468087026244052,0.02401949703667285
6,placebo,med_d,Medication,6,0.02774701461144183,0.025991265877470436
6,adopters,pet_d,PLACEBO: pet,-6,0.004683553776577681,0.0038713364030048217
6,adopters,pet_d,PLACEBO: pet,-5,0.0074409596730570845,0.003521452409568508
6,adopters,pet_d,PLACEBO: pet,-4,0.006092732253423914,0.004744843612671979
6,adopters,pet_d,PLACEBO: pet,-3,0.00038170480960167624,0.004564162289622236
6,adopters,pet_d,PLACEBO: pet,-2,0.010997235435928199,0.005521244129735123
6,adopters,pet_d,PLACEBO: pet,-1,0.017566348162672104,0.005373731884048763
6,adopters,pet_d,PLACEBO: pet,0,0.030807327021824926,0.023192866218523785
6,adopters,pet_d,PLACEBO: pet,1,0.04041290454006394,0.02363814073398503
6,adopters,pet_d,PLACEBO: pet,2,0.02466420733860578,0.02533675158797425
6,adopters,pet_d,PLACEBO: pet,3,0.04024908692652356,0.0264593476718528
6,adopters,pet_d,PLACEBO: pet,4,0.039575998460099265,0.025719503742219867
6,adopters,pet_d,PLACEBO: pet,5,-0.007110081605056858,0.024901943365293694
6,adopters,pet_d,PLACEBO: pet,6,-0.019680375575626748,0.02651590990948235
6,placebo,pet_d,PLACEBO: pet,-6,0.011717555323187617,0.004434686414204765
6,placebo,pet_d,PLACEBO: pet,-5,0.010332668197858372,0.004447640697977557
6,placebo,pet_d,PLACEBO: pet,-4,0.0034234971112664953,0.005218318481228781
6,placebo,pet_d,PLACEBO: pet,-3,0.008611960114164983,0.004526671984894942
6,placebo,pet_d,PLACEBO: pet,-2,0.005101020530198457,0.005072456371744457
6,placebo,pet_d,PLACEBO: pet,-1,0.0041273311906968365,0.005024480655399024
6,placebo,pet_d,PLACEBO: pet,0,-0.00977743094751053,0.021428845812365826
6,placebo,pet_d,PLACEBO: pet,1,0.008092644903925368,0.02374562614977227
6,placebo,pet_d,PLACEBO: pet,2,0.024447680641269114,0.024645879774238284
6,placebo,pet_d,PLACEBO: pet,3,-0.0072656654202140885,0.02442278689498729
6,placebo,pet_d,PLACEBO: pet,4,-0.013733283774058818,0.027096148443473828
6,placebo,pet_d,PLACEBO: pet,5,-0.02793542519640632,0.027597484367445066
6,placebo,pet_d,PLACEBO: pet,6,-0.011011140965330424,0.025830870050082163
6,adopters,book_d,PLACEBO: books,-6,0.009797837384432849,0.006850877514729677
6,adopters,book_d,PLACEBO: books,-5,-0.007029201548609425,0.0063581331462041445
6,adopters,book_d,PLACEBO: books,-4,0.004304460272068183,0.006476523695423387
6,adopters,book_d,PLACEBO: books,-3,0.006058061223628235,0.0068404879381115
6,adopters,book_d,PLACEBO: books,-2,-0.008666855492218016,0.006648405838811293
6,adopters,book_d,PLACEBO: books,-1,0.014463545098751326,0.006929230497302847
6,adopters,book_d,PLACEBO: books,0,0.07771531179173688,0.029888032402222573
6,adopters,book_d,PLACEBO: books,1,0.027608518285711908,0.028081463573160777
6,adopters,book_d,PLACEBO: books,2,0.053670553272113876,0.030323875710704162
6,adopters,book_d,PLACEBO: books,3,0.050598977771668344,0.03162182092321211
6,adopters,book_d,PLACEBO: books,4,0.06630865814364931,0.03152211998902027
6,adopters,book_d,PLACEBO: books,5,0.013396162721395124,0.0313415367353964
6,adopters,book_d,PLACEBO: books,6,0.026131956285664924,0.03069872142133684
6,placebo,book_d,PLACEBO: books,-6,0.010206828206100261,0.007377736923568786
6,placebo,book_d,PLACEBO: books,-5,0.004438294290158444,0.006790171976566464
6,placebo,book_d,PLACEBO: books,-4,0.018548052892717822,0.007153677003641995
6,placebo,book_d,PLACEBO: books,-3,0.009955159581015557,0.006911491669699398
6,placebo,book_d,PLACEBO: books,-2,-0.007106685438975543,0.007928250792364774
6,placebo,book_d,PLACEBO: books,-1,0.005033563674262478,0.006866109833576591
6,placebo,book_d,PLACEBO: books,0,0.015348900470487788,0.028727032997439696
6,placebo,book_d,PLACEBO: books,1,-0.024007861122209012,0.027874923654175546
6,placebo,book_d,PLACEBO: books,2,0.06471056190119052,0.029270891316383198
6,placebo,book_d,PLACEBO: books,3,0.02960266572567657,0.029394892240307353
6,placebo,book_d,PLACEBO: books,4,-0.029583504422757374,0.03048376289989337
6,placebo,book_d,PLACEBO: books,5,0.023496876683797865,0.027706584253163403
6,placebo,book_d,PLACEBO: books,6,0.02664236880210481,0.028345973930681938
6,adopters,grocery_d,PLACEBO: grocery/food,-6,0.0056452424432426465,0.0036794587517028944
6,adopters,grocery_d,PLACEBO: grocery/food,-5,0.009455490536671779,0.0033024142291470503
6,adopters,grocery_d,PLACEBO: grocery/food,-4,0.006828948688813976,0.0032723708631098936
6,adopters,grocery_d,PLACEBO: grocery/food,-3,0.010801043990591608,0.003480645380106265
6,adopters,grocery_d,PLACEBO: grocery/food,-2,-0.0005248670503259879,0.003798620953524076
6,adopters,grocery_d,PLACEBO: grocery/food,-1,-0.00016355899219413638,0.004128851465006498
6,adopters,grocery_d,PLACEBO: grocery/food,0,0.008155393930524711,0.025644308179868316
6,adopters,grocery_d,PLACEBO: grocery/food,1,0.026072668891297963,0.027710684461639285
6,adopters,grocery_d,PLACEBO: grocery/food,2,-0.002710356922631301,0.026531136316467956
6,adopters,grocery_d,PLACEBO: grocery/food,3,0.007789668674741352,0.02491626403109519
6,adopters,grocery_d,PLACEBO: grocery/food,4,0.013121587284650781,0.026421990483581504
6,adopters,grocery_d,PLACEBO: grocery/food,5,0.01799140326937148,0.02631098413803215
6,adopters,grocery_d,PLACEBO: grocery/food,6,-0.0030052330536984445,0.026661373645430888
6,placebo,grocery_d,PLACEBO: grocery/food,-6,0.0073408266528537025,0.0030821234017515808
6,placebo,grocery_d,PLACEBO: grocery/food,-5,0.007140112199954135,0.0032221282419310745
6,placebo,grocery_d,PLACEBO: grocery/food,-4,0.006280261871822673,0.004073784796857558
6,placebo,grocery_d,PLACEBO: grocery/food,-3,0.008616382859913861,0.004067256765133852
6,placebo,grocery_d,PLACEBO: grocery/food,-2,0.007184593976328859,0.0032556136542777514
6,placebo,grocery_d,PLACEBO: grocery/food,-1,0.008646393451473633,0.0036612615837628877
6,placebo,grocery_d,PLACEBO: grocery/food,0,0.006430937476085339,0.022644712657066832
6,placebo,grocery_d,PLACEBO: grocery/food,1,-0.002741038497398483,0.023445909240572792
6,placebo,grocery_d,PLACEBO: grocery/food,2,0.036015874807546006,0.02574562762950382
6,placebo,grocery_d,PLACEBO: grocery/food,3,0.03750208344882116,0.024380449456991023
6,placebo,grocery_d,PLACEBO: grocery/food,4,0.03653862558434985,0.026878694309367714
6,placebo,grocery_d,PLACEBO: grocery/food,5,0.007860696117268766,0.026475905109460504
6,placebo,grocery_d,PLACEBO: grocery/food,6,0.0035188872596705334,0.02471571303538898
6,adopters,ln_n,General: ln(1+#purchases),-6,0.029580807323846853,0.016348883068740095
6,adopters,ln_n,General: ln(1+#purchases),-5,0.028359293360095645,0.015671843234844683
6,adopters,ln_n,General: ln(1+#purchases),-4,0.014634796725659979,0.016236522636880354
6,adopters,ln_n,General: ln(1+#purchases),-3,0.017920943440250005,0.01712652799472977
6,adopters,ln_n,General: ln(1+#purchases),-2,0.011178749023295185,0.017257831594959482
6,adopters,ln_n,General: ln(1+#purchases),-1,0.10549693910068848,0.019527556425478945
6,adopters,ln_n,General: ln(1+#purchases),0,0.4122354268561498,0.042735013899818514
6,adopters,ln_n,General: ln(1+#purchases),1,0.22107572263913777,0.04818628212801414
6,adopters,ln_n,General: ln(1+#purchases),2,0.16173280472445695,0.05539169962490022
6,adopters,ln_n,General: ln(1+#purchases),3,0.24181555356872528,0.05198081306238671
6,adopters,ln_n,General: ln(1+#purchases),4,0.2199682304817545,0.055190700131193406
6,adopters,ln_n,General: ln(1+#purchases),5,0.22007623134935636,0.05222625750110799
6,adopters,ln_n,General: ln(1+#purchases),6,0.1629915553460209,0.05384314147168614
6,placebo,ln_n,General: ln(1+#purchases),-6,-0.0067176197127346085,0.019244778245299715
6,placebo,ln_n,General: ln(1+#purchases),-5,0.002127514159639947,0.019985813106263833
6,placebo,ln_n,General: ln(1+#purchases),-4,0.02098733448272799,0.01756980161132732
6,placebo,ln_n,General: ln(1+#purchases),-3,-0.0023588453418469353,0.01805326647471079
6,placebo,ln_n,General: ln(1+#purchases),-2,-0.012470208903161665,0.01950840866641762
6,placebo,ln_n,General: ln(1+#purchases),-1,-0.001842103511843898,0.01924917771916047
6,placebo,ln_n,General: ln(1+#purchases),0,-0.007659048224014375,0.05319635724274678
6,placebo,ln_n,General: ln(1+#purchases),1,-0.04804282648999096,0.05369477691293379
6,placebo,ln_n,General: ln(1+#purchases),2,0.0122622207013518,0.05634086909223511
6,placebo,ln_n,General: ln(1+#purchases),3,0.0391102328782334,0.05748688075675181
6,placebo,ln_n,General: ln(1+#purchases),4,-0.005914159376460878,0.0677495999350854
6,placebo,ln_n,General: ln(1+#purchases),5,0.02413894617136898,0.06222142609826233
6,placebo,ln_n,General: ln(1+#purchases),6,0.028105483532064483,0.0582311942008345
